rank,en,pos,ja,quizzable
1,the,det,その,0
2,be,verb,〜である、いる,0
3,and,conj,そして、〜と,0
4,of,prep,〜の、〜についての,0
5,to,prep,〜へ、〜に,0
6,a,det,1つの、ある,0
7,in,prep,〜の中に、〜で,0
8,have,verb,持っている,0
9,it,pron,それ,0
10,you,pron,あなた,0
11,he,pron,彼,0
12,for,prep,〜のために、〜に向かって,0
13,they,pron,彼ら、それら,0
14,not,adv,〜でない,0
15,that,det,あの、その,0
16,we,pron,私たち,0
17,on,prep,〜の上に、〜について,0
18,with,prep,〜と一緒に、〜を持って,0
19,this,det,これ、この,0
20,I,pron,私,0
21,do,verb,する、行う,0
22,as,prep,〜として、〜のように,0
23,at,prep,〜で、〜に,0
24,she,pron,彼女,0
25,but,conj,しかし、だが,0
26,from,prep,〜から、〜出身の,0
27,by,prep,〜によって、〜のそばに,0
28,will,aux,〜だろう、〜するつもりだ,0
29,or,conj,または、あるいは,0
30,say,verb,言う、述べる,1
31,go,verb,行く、進む,1
32,so,adv,とても、そのように,0
33,all,det,すべての、全部の,0
34,if,conj,もし〜ならば,0
35,one,num,1つの、1人,0
36,would,aux,〜だろう,0
37,about,prep,〜について、約,0
38,can,aux,〜できる、〜してもよい,0
39,which,pron,どちら、どの,0
40,there,adv,そこに、あそこに,0
41,know,verb,知っている、わかる,1
42,more,adj,より多くの,1
43,get,verb,手に入れる、なる,1
44,who,pron,誰、誰が,0
45,like,verb,好む、好きだ,1
46,when,conj,〜するとき、いつ,0
47,think,verb,思う、考える,1
48,make,verb,作る、〜にする,1
49,time,noun,時間、時,1
50,see,verb,見る、会う,1
51,what,pron,何、何が,0
52,up,adv,上に、上がって,0
53,some,det,いくつかの、いくらかの,0
54,other,adj,ほかの、別の,1
55,out,adv,外へ、外に,0
56,good,adj,よい、優れた,1
57,people,noun,人々、国民,1
58,year,noun,年、1年,1
59,take,verb,連れて行く、取る,1
60,no,det,少しの〜もない、いいえ,0
61,well,adv,上手に、十分に,1
62,because,conj,なぜなら、〜だから,0
63,very,adv,とても、大変,0
64,just,adv,ちょうど、ただ〜だけ,0
65,come,verb,来る、やって来る,1
66,could,aux,〜できた、〜かもしれない,0
67,work,noun,仕事、働く,1
68,use,verb,使う、利用する,1
69,than,prep,〜よりも,0
70,now,adv,今、現在は,1
71,then,adv,その時、それから,1
72,also,adv,〜もまた、さらに,0
73,into,prep,〜の中へ,0
74,only,adv,〜だけ、ただ〜のみ,0
75,look,verb,見る、〜に見える,1
76,want,verb,欲しい、〜したい,1
77,give,verb,与える、あげる,1
78,first,adj,最初の、第1の,1
79,new,adj,新しい、新任の,1
80,way,noun,道、方法,1
81,find,verb,見つける、気づく,1
82,over,prep,〜を越えて、〜の上に,0
83,any,det,どれでも、少しの〜も,0
84,after,prep,〜のあとに,0
85,day,noun,日、1日,1
86,where,adv,どこに、どこで,0
87,thing,noun,もの、こと,1
88,most,adj,大部分の、最も,1
89,should,aux,〜すべきだ、〜のはずだ,0
90,need,verb,必要とする,1
91,much,adj,たくさんの、多量の,1
92,right,adj,正しい、右の,1
93,how,adv,どのように、どれほど,0
94,back,adv,後ろへ、戻って,1
95,mean,verb,意味する、意図する,1
96,even,adv,〜でさえ、さらに,0
97,may,aux,〜かもしれない,0
98,here,adv,ここに、ここで,0
99,many,adj,多くの、たくさんの,1
100,such,adj,そのような,0
101,last,adj,最後の、この前の,1
102,child,noun,子ども,1
103,tell,verb,伝える、教える,1
104,really,adv,本当に、実に,1
105,call,verb,呼ぶ、電話する,1
106,before,prep,〜の前に,0
107,company,noun,会社、仲間,1
108,through,prep,〜を通って、〜によって,0
109,down,adv,下に、下がって,0
110,show,verb,見せる、示す,1
111,life,noun,生活、生命,1
112,man,noun,男性、人,1
113,change,verb,変える、変わる,1
114,place,noun,場所、位置,1
115,long,adj,長い、長く,1
116,between,prep,〜の間に,0
117,feel,verb,感じる、気がする,1
118,too,adv,〜もまた、あまりに,0
119,still,adv,まだ、依然として,1
120,problem,noun,問題、課題,1
121,write,verb,書く、手紙を書く,1
122,same,adj,同じ、同一の,1
123,lot,noun,たくさんのこと、土地,1
124,great,adj,偉大な、すばらしい,1
125,try,verb,試す、努力する,1
126,leave,verb,去る、残す,1
127,number,noun,数、番号,1
128,both,det,両方の、双方,0
129,own,adj,自分自身の、所有する,1
130,part,noun,部分、役目,1
131,point,noun,要点、指さす,1
132,little,adj,小さい、ほとんどない,1
133,help,verb,助ける、役立つ,1
134,ask,verb,尋ねる、頼む,1
135,meet,verb,会う、満たす,1
136,start,verb,始まる、始める,1
137,talk,verb,話す、しゃべる,1
138,something,pron,何か、あるもの,0
139,put,verb,置く、入れる,1
140,another,det,もう1つの、別の,0
141,become,verb,〜になる,1
142,interest,noun,興味、利子,1
143,country,noun,国、田舎,1
144,old,adj,古い、年をとった,1
145,each,det,それぞれの、各自の,0
146,school,noun,学校、学派,1
147,late,adj,遅れた、遅い,1
148,high,adj,高い、高度な,1
149,different,adj,違った、異なる,1
150,off,adv,離れて、休みで,0
151,next,adj,次の、隣の,1
152,end,noun,終わり、結末,1
153,live,verb,住む、生きる,1
154,why,adv,なぜ、どうして,0
155,while,conj,〜する間に、一方で,0
156,world,noun,世界、世間,1
157,week,noun,週、1週間,1
158,play,verb,遊ぶ、演奏する,1
159,might,aux,〜かもしれない,0
160,must,aux,〜しなければならない,0
161,home,noun,家庭、家へ,1
162,never,adv,決して〜ない,1
163,include,verb,含む、含める,1
164,course,noun,進路、講座,1
165,house,noun,家、住宅,1
166,report,noun,報告、報告する,1
167,group,noun,集団、グループ,1
168,case,noun,場合、事件,1
169,woman,noun,女性、婦人,1
170,around,prep,〜の周りに、およそ,0
171,book,noun,本、予約する,1
172,family,noun,家族、家庭,1
173,seem,verb,〜のように思われる,1
174,let,verb,〜させる、許す,1
175,again,adv,再び、もう一度,1
176,kind,noun,種類、親切な,1
177,keep,verb,保つ、続ける,1
178,hear,verb,聞く、聞こえる,1
179,system,noun,制度、仕組み,1
180,every,det,すべての、毎〜,0
181,question,noun,質問、疑問,1
182,during,prep,〜の間に,0
183,always,adv,いつも、常に,1
184,big,adj,大きい、重大な,1
185,set,verb,置く、設定する,1
186,small,adj,小さい、わずかな,1
187,study,verb,勉強する、研究する,1
188,follow,verb,従う、ついて行く,1
189,begin,verb,始まる、始める,1
190,important,adj,重要な、大切な,1
191,since,prep,〜以来、〜だから,0
192,run,verb,走る、経営する,1
193,under,prep,〜の下に,0
194,turn,verb,曲がる、順番,1
195,few,adj,少数の、ほとんどない,1
196,bring,verb,持ってくる、連れてくる,1
197,early,adj,早い、早く,1
198,hand,noun,手、渡す,1
199,state,noun,状態、国家,1
200,move,verb,動く、引っ越す,1
201,money,noun,お金、金銭,1
202,fact,noun,事実、真相,1
203,however,adv,しかしながら,0
204,area,noun,地域、面積,1
205,provide,verb,提供する、供給する,1
206,name,noun,名前、名付ける,1
207,read,verb,読む、読書する,1
208,friend,noun,友人、友達,1
209,month,noun,月、1か月,1
210,large,adj,大きい、大規模な,1
211,business,noun,事業、職業,1
212,without,prep,〜なしで,0
213,information,noun,情報、案内,1
214,open,adj,開いた、開く,1
215,order,noun,順序、注文する,1
216,government,noun,政府、政治,1
217,word,noun,言葉、単語,1
218,issue,noun,問題、発行する,1
219,market,noun,市場、市街,1
220,pay,verb,支払う、代金,1
221,build,verb,建てる、建設する,1
222,hold,verb,持つ、開催する,1
223,service,noun,奉仕、公共事業,1
224,against,prep,〜に反対して,0
225,believe,verb,信じる、確信する,1
226,second,adj,第2の、秒,1
227,though,conj,〜だけれども,0
228,yes,interj,はい、そうです,0
229,love,verb,愛する、大好きだ,1
230,increase,verb,増える、増やす,1
231,job,noun,仕事、職,1
232,plan,noun,計画、計画する,1
233,result,noun,結果、生じる,1
234,away,adv,離れて、去って,1
235,example,noun,例、手本,1
236,happen,verb,起こる、生じる,1
237,offer,verb,申し出る、提供する,1
238,young,adj,若い、幼い,1
239,close,adj,近い、閉める,1
240,program,noun,番組、計画,1
241,lead,verb,導く、案内する,1
242,buy,verb,買う、購入する,1
243,understand,verb,理解する、わかる,1
244,thank,verb,感謝する、礼を言う,1
245,far,adv,遠くに、はるかに,1
246,today,noun,今日、現在,1
247,hour,noun,時間、1時間,1
248,student,noun,学生、生徒,1
249,face,noun,顔、直面する,1
250,hope,verb,望む、希望,1
251,idea,noun,考え、アイデア,1
252,cost,noun,費用、費用がかかる,1
253,less,adj,より少ない,1
254,room,noun,部屋、空間,1
255,until,prep,〜までずっと,0
256,reason,noun,理由、理性,1
257,form,noun,形、記入用紙,1
258,spend,verb,費やす、過ごす,1
259,head,noun,頭、向かう,1
260,car,noun,車、自動車,1
261,learn,verb,学ぶ、習得する,1
262,level,noun,水準、平らな,1
263,person,noun,人、人間,1
264,experience,noun,経験、体験する,1
265,once,adv,一度、かつて,1
266,member,noun,一員、会員,1
267,enough,adj,十分な、十分に,1
268,bad,adj,悪い、下手の,1
269,city,noun,市、都市,1
270,night,noun,夜、晩,1
271,able,adj,〜できる、有能な,1
272,support,verb,支える、応援する,1
273,whether,conj,〜かどうか,0
274,line,noun,線、列,1
275,present,adj,出席して、現在の,1
276,side,noun,側、側面,1
277,quite,adv,かなり、まったく,1
278,although,conj,〜にもかかわらず,0
279,sure,adj,確信して、確実な,1
280,term,noun,期間、専門用語,1
281,least,adj,最も少ない、最小の,1
282,age,noun,年齢、時代,1
283,low,adj,低い、少ない,1
284,speak,verb,話す、演説する,1
285,within,prep,〜の内部に、〜以内に,0
286,process,noun,過程、加工する,1
287,public,adj,公共の、一般の,1
288,often,adv,しばしば、よく,1
289,train,noun,列車、訓練する,1
290,possible,adj,可能な、あり得る,1
291,actually,adv,実際に、実は,1
292,rather,adv,むしろ、かなり,1
293,view,noun,眺め、意見,1
294,together,adv,一緒に、共に,1
295,consider,verb,よく考える、みなす,1
296,price,noun,価格、値段,1
297,parent,noun,親、両親の片方,1
298,hard,adj,固い、熱心に,1
299,party,noun,政党、パーティー,1
300,local,adj,地域の、地元の,1
301,control,verb,支配する、管理する,1
302,already,adv,すでに、もう,1
303,concern,noun,心配、関心事,1
304,product,noun,製品、産物,1
305,lose,verb,失う、負ける,1
306,story,noun,物語、話,1
307,almost,adv,ほとんど、ほぼ,1
308,continue,verb,続く、続ける,1
309,stand,verb,立つ、我慢する,1
310,whole,adj,全体の、完全な,1
311,yet,adv,まだ、しかしながら,0
312,rate,noun,割合、料金,1
313,care,verb,気にする、世話をする,1
314,expect,verb,予期する、期待する,1
315,effect,noun,効果、影響,1
316,sort,noun,種類、分類する,1
317,ever,adv,かつて、今までに,1
318,anything,pron,何か、何もかも,0
319,cause,verb,引き起こす、原因,1
320,fall,verb,落ちる、転ぶ,1
321,deal,verb,扱う、取引,1
322,water,noun,水、水をやる,1
323,send,verb,送る、届ける,1
324,allow,verb,許す、許可する,1
325,soon,adv,すぐに、間もなく,1
326,watch,verb,見る、見守る,1
327,base,noun,土台、基礎,1
328,probably,adv,おそらく、たぶん,1
329,suggest,verb,提案する、暗示する,1
330,past,noun,過去、過ぎ去った,1
331,power,noun,力、権力,1
332,test,noun,試験、検査する,1
333,visit,verb,訪問する、訪れる,1
334,center,noun,中心、中央,1
335,grow,verb,成長する、育てる,1
336,nothing,pron,何もないこと,0
337,return,verb,戻る、返す,1
338,mother,noun,母、母親,1
339,walk,verb,歩く、散歩する,1
340,matter,noun,事柄、重要である,1
341,mind,noun,心、気にする,1
342,value,noun,価値、大切にする,1
343,office,noun,事務所、会社,1
344,record,noun,記録、記録する,1
345,stay,verb,とどまる、滞在する,1
346,force,noun,力、強いる,1
347,stop,verb,止める、止まる,1
348,several,adj,いくつかの、何人かの,1
349,light,noun,光、明るい,1
350,develop,verb,発展する、開発する,1
351,remember,verb,覚えている、思い出す,1
352,bit,noun,少し、わずか,1
353,share,verb,共有する、分け合う,1
354,real,adj,本物の、真実の,1
355,answer,noun,答え、答える,1
356,sit,verb,座る、腰掛ける,1
357,figure,noun,数字、姿,1
358,letter,noun,手紙、文字,1
359,decide,verb,決める、決心する,1
360,language,noun,言語、言葉,1
361,subject,noun,科目、主題,1
362,class,noun,授業、階級,1
363,development,noun,発達、発展,1
364,town,noun,町、都会,1
365,half,noun,半分、2分の1,1
366,minute,noun,分、少しの間,1
367,food,noun,食べ物、食糧,1
368,break,verb,壊す、休憩,1
369,clear,adj,明らかな、晴れた,1
370,future,noun,未来、将来,1
371,either,det,どちらか一方の,0
372,ago,adv,前に、以前に,1
373,per,prep,〜につき,0
374,remain,verb,とどまる、〜のままでいる,1
375,top,noun,頂上、最高の,1
376,among,prep,〜の間に、〜の中で,0
377,win,verb,勝つ、勝ち取る,1
378,color,noun,色、色彩,1
379,involve,verb,巻き込む、伴う,1
380,reach,verb,達する、手を伸ばす,1
381,social,adj,社会の、社交的な,1
382,period,noun,期間、時代,1
383,across,prep,〜を横切って,0
384,note,noun,覚え書き、注意する,1
385,history,noun,歴史、履歴,1
386,create,verb,創造する、創り出す,1
387,drive,verb,運転する、追いやる,1
388,along,prep,〜に沿って,0
389,type,noun,型、種類,1
390,sound,noun,音、〜に聞こえる,1
391,eye,noun,目、視力,1
392,music,noun,音楽、楽曲,1
393,game,noun,競技、試合,1
394,political,adj,政治の、政治的な,1
395,free,adj,自由な、無料の,1
396,receive,verb,受け取る、受ける,1
397,moment,noun,瞬間、時,1
398,sale,noun,販売、特売,1
399,policy,noun,政策、方針,1
400,further,adj,さらなる、もっと遠い,1
401,body,noun,身体、肉体,1
402,require,verb,要求する、必要とする,1
403,wait,verb,待つ、待機する,1
404,general,adj,一般的な、全般的な,1
405,appear,verb,現れる、〜のように見える,1
406,toward,prep,〜の方へ、〜に向かって,0
407,team,noun,チーム、共同作業班,1
408,easy,adj,簡単な、容易な,1
409,individual,adj,個々の、個人,1
410,full,adj,満ちた、完全な,1
411,black,adj,黒い、暗黒の,1
412,sense,noun,感覚、意味,1
413,perhaps,adv,おそらく、たぶん,1
414,add,verb,加える、足す,1
415,rule,noun,規則、支配する,1
416,pass,verb,通過する、手渡す,1
417,produce,verb,生産する、作り出す,1
418,sell,verb,売る、販売する,1
419,short,adj,短い、背が低い,1
420,agree,verb,同意する、賛成する,1
421,law,noun,法律、法,1
422,everything,pron,すべてのこと,0
423,research,noun,研究、調査する,1
424,cover,verb,覆う、カバーする,1
425,paper,noun,紙、新聞,1
426,position,noun,位置、立場,1
427,near,prep,〜の近くに,0
428,human,adj,人間の、人間,1
429,computer,noun,コンピューター,1
430,situation,noun,状況、事態,1
431,staff,noun,職員、スタッフ,1
432,activity,noun,活動、行動,1
433,film,noun,映画、フィルム,1
434,morning,noun,朝、午前,1
435,war,noun,戦争、戦い,1
436,account,noun,口座、説明する,1
437,shop,noun,店、買い物をする,1
438,major,adj,主要な、専攻する,1
439,someone,pron,誰か、ある人,0
440,above,prep,〜の上に,0
441,design,verb,設計する、デザイン,1
442,event,noun,出来事、行事,1
443,special,adj,特別な、専門の,1
444,sometimes,adv,時々、たまに,1
445,condition,noun,状態、条件,1
446,carry,verb,運ぶ、携帯する,1
447,choose,verb,選ぶ、選択する,1
448,father,noun,父、父親,1
449,decision,noun,決断、決定,1
450,table,noun,テーブル、表,1
451,certain,adj,確信して、特定の,1
452,forward,adv,前方へ、進んで,1
453,main,adj,主要な、主な,1
454,die,verb,死ぬ、枯れる,1
455,bear,verb,耐える、産む,1
456,cut,verb,切る、削減する,1
457,describe,verb,描写する、説明する,1
458,himself,pron,彼自身,0
459,available,adj,利用できる、手に入る,1
460,especially,adv,特に、とりわけ,1
461,strong,adj,強い、丈夫な,1
462,rise,verb,上がる、昇る,1
463,girl,noun,少女、女の子,1
464,maybe,adv,たぶん、もしかして,1
465,community,noun,地域社会、共同体,1
466,else,adv,そのほかに,0
467,particular,adj,特定の、特別な,1
468,role,noun,役割、役柄,1
469,join,verb,参加する、加わる,1
470,difficult,adj,難しい、困難な,1
471,please,interj,どうぞ、喜ばせる,0
472,detail,noun,詳細、細部,1
473,difference,noun,違い、相違点,1
474,action,noun,行動、活動,1
475,health,noun,健康、健康状態,1
476,eat,verb,食べる、食事する,1
477,step,noun,歩み、階段の段,1
478,TRUE,adj,真実の、本当の,1
479,phone,noun,電話、電話をかける,1
480,themselves,pron,彼ら自身,0
481,draw,verb,描く、引く,1
482,white,adj,白い、白色,1
483,date,noun,日付、デート,1
484,practice,noun,練習、実践する,1
485,model,noun,模型、模範,1
486,raise,verb,上げる、育てる,1
487,customer,noun,顧客、客,1
488,front,noun,正面、前部,1
489,explain,verb,説明する、弁明する,1
490,door,noun,ドア、扉,1
491,outside,adv,外に、外部の,1
492,behind,prep,〜の後ろに,0
493,economic,adj,経済の、経済的な,1
494,site,noun,敷地、ウェブサイト,1
495,approach,verb,近づく、接近方法,1
496,teacher,noun,先生、教師,1
497,land,noun,土地、着陸する,1
498,charge,noun,料金、請求する,1
499,finally,adv,ついに、最後に,1
500,sign,noun,兆候、署名する,1
501,claim,verb,主張する、要求する,1
502,relationship,noun,関係、結びつき,1
503,travel,verb,旅行する、進む,1
504,enjoy,verb,楽しむ,1
505,death,noun,死、死亡,1
506,nice,adj,すてきな、親切な,1
507,amount,noun,量、総額,1
508,improve,verb,向上させる、改善する,1
509,picture,noun,写真、絵,1
510,boy,noun,少年、男の子,1
511,regard,verb,見なす、敬意,1
512,organization,noun,組織、団体,1
513,happy,adj,幸せな、うれしい,1
514,couple,noun,一組、夫婦,1
515,act,verb,行動する、演じる,1
516,range,noun,範囲、及ぶ,1
517,quality,noun,質、品質,1
518,project,noun,計画、事業,1
519,round,adj,丸い、円形,1
520,opportunity,noun,機会、好機,1
521,road,noun,道路、道,1
522,accord,verb,一致する、与える,1
523,list,noun,表、一覧表,1
524,wish,verb,望む、願う,1
525,therefore,adv,したがって、それゆえに,0
526,wear,verb,身につけている、着る,1
527,fund,noun,資金、基金,1
528,rest,noun,休息、残り,1
529,kid,noun,子ども、冗談を言う,1
530,industry,noun,産業、工業,1
531,education,noun,教育,1
532,measure,verb,測る、対策,1
533,kill,verb,殺す、命を奪う,1
534,serve,verb,仕える、食事を出す,1
535,likely,adj,ありそうな、たぶん,1
536,certainly,adv,確かに、もちろん,1
537,national,adj,国の、国民の,1
538,itself,pron,それ自身,0
539,teach,verb,教える、授業をする,1
540,field,noun,野原、分野,1
541,security,noun,警備、安全,1
542,air,noun,空気、空中,1
543,benefit,noun,利益、恩恵を受ける,1
544,trade,noun,貿易、取引する,1
545,risk,noun,危険、冒険する,1
546,news,noun,知らせ、ニュース,1
547,standard,noun,基準、標準的な,1
548,vote,verb,投票する、投票,1
549,percent,noun,パーセント,1
550,focus,verb,集中させる、焦点,1
551,stage,noun,段階、舞台,1
552,space,noun,宇宙、空間,1
553,instead,adv,その代わりに,1
554,realize,verb,悟る、実現する,1
555,usually,adv,ふつうは、普段は,1
556,data,noun,資料、データ,1
557,single,adj,ただ1つの、独身の,1
558,address,noun,住所、演説する,1
559,performance,noun,公演、成果,1
560,chance,noun,機会、偶然,1
561,accept,verb,受け入れる、受託する,1
562,society,noun,社会、団体,1
563,technology,noun,科学技術,1
564,mention,verb,言及する、口にする,1
565,choice,noun,選択、選んだもの,1
566,save,verb,救う、節約する,1
567,common,adj,共通の、普通の,1
568,culture,noun,文化、教養,1
569,total,adj,合計の、全体の,1
570,demand,noun,需要、要求する,1
571,material,noun,材料、原料,1
572,limit,noun,限度、制限する,1
573,listen,verb,耳を傾ける、聞く,1
574,due,adj,予定された、期日の,1
575,wrong,adj,間違った、不適切な,1
576,foot,noun,足、歩み,1
577,effort,noun,努力、取り組み,1
578,attention,noun,注意、注目,1
579,upon,prep,〜の上に,0
580,check,verb,調べる、照合する,1
581,complete,adj,完全な、完成させる,1
582,lie,verb,横たわる、うそをつく,1
583,pick,verb,選ぶ、摘む,1
584,reduce,verb,減らす、縮小する,1
585,personal,adj,個人的な、個人の,1
586,ground,noun,地面、土地,1
587,animal,noun,動物、獣,1
588,arrive,verb,到着する、届く,1
589,patient,noun,患者、我慢強い,1
590,current,adj,現在の、流通している,1
591,century,noun,世紀、100年間,1
592,evidence,noun,証拠、根拠,1
593,exist,verb,存在する、生存する,1
594,similar,adj,似ている、類似した,1
595,fight,verb,戦う、格闘する,1
596,leader,noun,指導者、首領,1
597,fine,adj,元気な、罰金,1
598,street,noun,通り、街路,1
599,former,adj,前の、元の,1
600,contact,noun,接触、連絡を取る,1
601,particularly,adv,特に、とりわけ,1
602,wife,noun,妻、女房,1
603,sport,noun,スポーツ、競技,1
604,prepare,verb,準備する、用意する,1
605,discuss,verb,話し合う、議論する,1
606,response,noun,応答、反応,1
607,voice,noun,声、音声,1
608,piece,noun,破片、作品,1
609,finish,verb,終える、終わる,1
610,suppose,verb,推測する、仮定する,1
611,apply,verb,申し込む、適用する,1
612,president,noun,大統領、社長,1
613,fire,noun,火、火事,1
614,compare,verb,比較する、比べる,1
615,court,noun,法廷、裁判所,1
616,police,noun,警察、警官,1
617,store,noun,店、蓄える,1
618,poor,adj,貧しい、不十分な,1
619,knowledge,noun,知識、情報,1
620,laugh,verb,笑う、声を立てて笑う,1
621,arm,noun,腕、武器,1
622,heart,noun,心臓、心,1
623,source,noun,源、情報源,1
624,employee,noun,従業員、社員,1
625,manage,verb,管理する、やり遂げる,1
626,simply,adv,単に、まったく,1
627,bank,noun,銀行、土手,1
628,firm,noun,会社、堅い,1
629,cell,noun,細胞、独房,1
630,article,noun,記事、品物,1
631,fast,adj,速い、速く,1
632,attack,verb,攻撃する、襲う,1
633,foreign,adj,外国の、異質の,1
634,surprise,noun,驚き、驚かせる,1
635,feature,noun,特徴、呼び物,1
636,factor,noun,要因、要素,1
637,pretty,adj,かわいい、かなり,1
638,recently,adv,最近、近ごろ,1
639,affect,verb,影響を与える,1
640,drop,verb,落とす、落ちる,1
641,recent,adj,最近の、近ごろの,1
642,relate,verb,関係づける、関連する,1
643,official,adj,公式の、役人,1
644,financial,adj,財政上の、金融の,1
645,miss,verb,逃す、寂しく思う,1
646,art,noun,芸術、美術,1
647,campaign,noun,運動、軍事行動,1
648,private,adj,私的な、民間の,1
649,pause,verb,休止する、立ち止まる,1
650,everyone,pron,みんな、誰でも,0
651,forget,verb,忘れる、思い落とす,1
652,page,noun,ページ,1
653,worry,verb,心配する、悩ます,1
654,summer,noun,夏、夏季,1
655,drink,verb,飲む、飲み物,1
656,opinion,noun,意見、見解,1
657,park,noun,公園、駐車する,1
658,represent,verb,代表する、表す,1
659,key,noun,鍵、手がかり,1
660,inside,adv,内側に、内部に,1
661,manager,noun,経営者、部長,1
662,international,adj,国際的な、国家間の,1
663,contain,verb,含む、入っている,1
664,notice,verb,気づく、通知,1
665,wonder,verb,〜かしらと思う、驚嘆,1
666,nature,noun,自然、本質,1
667,structure,noun,構造、建造物,1
668,section,noun,部分、部門,1
669,myself,pron,私自身,0
670,exactly,adv,正確に、ちょうど,1
671,plant,noun,植物、工場,1
672,paint,verb,塗る、絵の具で描く,1
673,worker,noun,労働者、働く人,1
674,press,verb,押す、報道機関,1
675,whatever,pron,〜するものは何でも,0
676,necessary,adj,必要な、不可欠な,1
677,region,noun,地域、地方,1
678,growth,noun,成長、発展,1
679,evening,noun,晩、夕方,1
680,influence,noun,影響、影響を及ぼす,1
681,respect,verb,尊敬する、尊重する,1
682,various,adj,さまざまな、多様な,1
683,catch,verb,捕まえる、間に合う,1
684,thus,adv,それゆえに、このように,0
685,skill,noun,腕前、熟練,1
686,attempt,noun,試み、試みる,1
687,son,noun,息子、男児,1
688,simple,adj,簡単な、質素な,1
689,medium,noun,媒体、中間の,1
690,average,noun,平均、平均の,1
691,stock,noun,在庫、株式,1
692,management,noun,経営、管理,1
693,character,noun,性格、登場人物,1
694,bed,noun,ベッド、寝床,1
695,hit,verb,打つ、命中する,1
696,establish,verb,設立する、確立する,1
697,indeed,adv,実に、本当に,1
698,final,adj,最後の、最終的な,1
699,economy,noun,経済、節約,1
700,fit,verb,適合する、合う,1
701,guy,noun,男、やつ,1
702,function,noun,機能、働く,1
703,yesterday,noun,昨日,1
704,image,noun,画像、印象,1
705,size,noun,大きさ、寸法,1
706,behavior,noun,行動、振る舞い,1
707,addition,noun,追加、足し算,1
708,determine,verb,決定する、決心する,1
709,station,noun,駅、部署,1
710,population,noun,人口、住民数,1
711,fail,verb,失敗する、落ちる,1
712,environment,noun,環境、周囲の状況,1
713,production,noun,生産、製造,1
714,contract,noun,契約、契約を結ぶ,1
715,player,noun,選手、演奏者,1
716,comment,noun,論評、論評する,1
717,enter,verb,入る、入学する,1
718,occur,verb,起こる、浮かぶ,1
719,alone,adj,ただ1人で、孤独な,1
720,significant,adj,重要な、重大な,1
721,drug,noun,薬品、薬物,1
722,wall,noun,壁、城壁,1
723,series,noun,連続、シリーズ,1
724,direct,adj,直接の、指揮する,1
725,success,noun,成功、好結果,1
726,tomorrow,noun,明日、未来,1
727,director,noun,監督、重役,1
728,clearly,adv,はっきりと、明らかに,1
729,lack,noun,不足、欠いている,1
730,review,noun,再検討、論評する,1
731,depend,verb,頼る、依存する,1
732,race,noun,競走、人種,1
733,recognize,verb,認める、識別する,1
734,window,noun,窓、窓口,1
735,purpose,noun,目的、意図,1
736,department,noun,部門、学部,1
737,gain,verb,得る、増す,1
738,tree,noun,木、樹木,1
739,college,noun,大学、単科大学,1
740,argue,verb,議論する、主張する,1
741,board,noun,板、委員会,1
742,holiday,noun,休日、祝日,1
743,mark,noun,印、採点する,1
744,church,noun,教会、聖堂,1
745,machine,noun,機械、器械,1
746,achieve,verb,達成する、成し遂げる,1
747,item,noun,品目、項目,1
748,prove,verb,証明する、判明する,1
749,cent,noun,セント、100分の1ドル,1
750,season,noun,季節、時期,1
751,floor,noun,床、階,1
752,stuff,noun,持ち物、詰め込む,1
753,wide,adj,幅の広い、広範囲な,1
754,anyone,pron,誰でも、誰か,0
755,method,noun,方法、方式,1
756,analysis,noun,分析、解析,1
757,election,noun,選挙、当選,1
758,military,adj,軍隊の、軍事的な,1
759,hotel,noun,ホテル、旅館,1
760,club,noun,同好会、クラブ,1
761,below,prep,〜より下に,0
762,movie,noun,映画,1
763,doctor,noun,医者、博士,1
764,discussion,noun,討論、話し合い,1
765,sorry,adj,申し訳なく思う,1
766,challenge,noun,試練、挑戦する,1
767,nation,noun,国家、国民,1
768,nearly,adv,ほぼ、もう少しで,1
769,statement,noun,声明、記述,1
770,link,noun,結びつき、つなぐ,1
771,despite,prep,〜にもかかわらず,0
772,introduce,verb,紹介する、導入する,1
773,advantage,noun,有利な点、長所,1
774,ready,adj,準備ができた,1
775,marry,verb,結婚する,1
776,strike,verb,打つ、襲う,1
777,mile,noun,マイル,1
778,seek,verb,捜し求める、追求する,1
779,ability,noun,能力、才能,1
780,unit,noun,単位、構成単位,1
781,card,noun,カード、トランプ,1
782,hospital,noun,病院,1
783,quickly,adv,速く、すぐに,1
784,interview,noun,面接、会見する,1
785,agreement,noun,合意、協定,1
786,release,verb,解放する、公開する,1
787,tax,noun,税金、重い負担,1
788,solution,noun,解決策、解答,1
789,capital,noun,首都、資本,1
790,popular,adj,人気のある、大衆的な,1
791,specific,adj,明確な、特定の,1
792,beautiful,adj,美しい、見事な,1
793,fear,noun,恐れ、恐れる,1
794,aim,verb,目指す、目的,1
795,television,noun,テレビ、テレビ放送,1
796,serious,adj,深刻な、まじめな,1
797,target,noun,標的、目標にする,1
798,degree,noun,程度、学位,1
799,pull,verb,引く、引っ張る,1
800,red,adj,赤い、赤色,1
801,husband,noun,夫,1
802,access,noun,接近、利用する権利,1
803,movement,noun,運動、動き,1
804,treat,verb,扱う、治療する,1
805,identify,verb,特定する、確認する,1
806,loss,noun,損失、失うこと,1
807,shall,aux,〜だろう、〜すべきである,0
808,modern,adj,現代の、近代的な,1
809,pressure,noun,圧力、重圧,1
810,bus,noun,バス,1
811,treatment,noun,治療、取り扱い,1
812,conference,noun,会議、協議会,1
813,yourself,pron,あなた自身,0
814,supply,noun,供給、供給する,1
815,village,noun,村、村落,1
816,worth,adj,〜の価値がある,1
817,natural,adj,自然の、当然の,1
818,express,verb,表現する、急行,1
819,indicate,verb,示す、指し示す,1
820,attend,verb,出席する、通う,1
821,brother,noun,兄、弟,1
822,investment,noun,投資、出資,1
823,score,noun,得点、点数,1
824,organize,verb,組織する、準備する,1
825,trip,noun,旅行、つまずく,1
826,beyond,prep,〜を越えて,0
827,sleep,verb,眠る、睡眠,1
828,fish,noun,魚、魚を釣る,1
829,promise,verb,約束する、約束,1
830,potential,adj,潜在的な、可能性,1
831,energy,noun,活力、エネルギー,1
832,trouble,noun,困難、トラブル,1
833,relation,noun,関係、親族,1
834,touch,verb,触れる、感動させる,1
835,file,noun,ファイル、とじ込み帳,1
836,middle,noun,真ん中、中間の,1
837,bar,noun,棒、酒場,1
838,suffer,verb,苦しむ、被る,1
839,strategy,noun,戦略、方策,1
840,deep,adj,深い、深刻な,1
841,except,prep,〜を除いて,0
842,clean,adj,きれいな、掃除する,1
843,tend,verb,〜する傾向がある,1
844,advance,verb,前進する、進歩,1
845,fill,verb,満たす、いっぱいにする,1
846,star,noun,星、恒星,1
847,network,noun,放送網、網状組織,1
848,generally,adv,一般に、普通は,1
849,operation,noun,手術、活動,1
850,match,verb,一致する、試合,1
851,avoid,verb,避ける、回避する,1
852,seat,noun,座席、席,1
853,throw,verb,投げる、放り投げる,1
854,task,noun,任務、仕事,1
855,normal,adj,通常の、正常な,1
856,goal,noun,目標、得点,1
857,associate,verb,連想する、提携する,1
858,blue,adj,青い、憂うつな,1
859,positive,adj,前向きな、積極的な,1
860,option,noun,選択肢、選択権,1
861,box,noun,箱、小箱,1
862,huge,adj,巨大な、莫大な,1
863,message,noun,伝言、メッセージ,1
864,instance,noun,実例、場合,1
865,style,noun,型、様式,1
866,refer,verb,言及する、参照する,1
867,cold,adj,冷たい、風邪,1
868,push,verb,押す、強く迫る,1
869,quarter,noun,4分の1、15分,1
870,assume,verb,想定する、引き受ける,1
871,baby,noun,赤ん坊、赤ちゃん,1
872,successful,adj,成功した、上首尾の,1
873,sing,verb,歌う、さえずる,1
874,doubt,noun,疑い、疑う,1
875,competition,noun,競争、競技会,1
876,theory,noun,理論、学説,1
877,propose,verb,提案する、申し出る,1
878,reference,noun,言及、参考文献,1
879,argument,noun,議論、口論,1
880,adult,noun,大人、成人,1
881,fly,verb,飛ぶ、飛行する,1
882,document,noun,文書、書類,1
883,pattern,noun,型、模様,1
884,application,noun,応用、志願,1
885,hot,adj,熱い、暑い,1
886,obviously,adv,明らかに、明白に,1
887,unclear,adj,不明瞭な、判然としない,1
888,bill,noun,請求書、紙幣,1
889,search,verb,捜す、捜索,1
890,separate,adj,分かれた、切り離す,1
891,central,adj,中心の、主要な,1
892,career,noun,経歴、職業,1
893,anyway,adv,とにかく、いずれにせよ,1
894,speech,noun,演説、スピーチ,1
895,dog,noun,犬,1
896,officer,noun,将校、公務員,1
897,throughout,prep,〜の至る所に、〜の間中,0
898,oil,noun,油、石油,1
899,dress,noun,ドレス、服を着る,1
900,profit,noun,利益、得をする,1
901,guess,verb,推測する、言い当てる,1
902,fun,noun,楽しみ、おもしろい,1
903,protect,verb,保護する、守る,1
904,resource,noun,資源、財源,1
905,science,noun,科学、理科,1
906,disease,noun,病気、疾患,1
907,balance,noun,釣り合い、均衡,1
908,damage,noun,損害、損害を与える,1
909,basis,noun,基礎、根拠,1
910,author,noun,著者、作家,1
911,basic,adj,基本的な、基礎の,1
912,encourage,verb,勇気づける、励ます,1
913,hair,noun,髪、毛,1
914,male,adj,男性の、雄の,1
915,operate,verb,作動する、手術する,1
916,reflect,verb,反射する、反映する,1
917,exercise,noun,運動、練習問題,1
918,useful,adj,役に立つ、便利な,1
919,restaurant,noun,レストラン、料理店,1
920,income,noun,収入、所得,1
921,property,noun,財産、所有地,1
922,previous,adj,前の、以前の,1
923,dark,adj,暗い、濃い,1
924,imagine,verb,想像する、心に描く,1
925,okay,adj,大丈夫な、問題ない,1
926,earn,verb,稼ぐ、獲得する,1
927,daughter,noun,娘,1
928,post,noun,郵便、柱,1
929,newspaper,noun,新聞、新聞社,1
930,define,verb,定義する、明確にする,1
931,conclusion,noun,結論、結末,1
932,clock,noun,時計、掛け時計,1
933,everybody,pron,みんな、誰でも,0
934,weekend,noun,週末,1
935,perform,verb,演じる、成し遂げる,1
936,professional,adj,専門的な、本職の,1
937,mine,pron,私のもの,0
938,debate,noun,討論、議論する,1
939,memory,noun,記憶、思い出,1
940,green,adj,緑色の、未熟な,1
941,song,noun,歌、楽曲,1
942,object,noun,物体、反対する,1
943,maintain,verb,維持する、主張する,1
944,credit,noun,信用、功績,1
945,ring,noun,指輪、鳴る,1
946,discover,verb,発見する、見出す,1
947,dead,adj,死んだ、機能停止した,1
948,afternoon,noun,午後、昼下がり,1
949,prefer,verb,〜をより好む,1
950,extend,verb,伸ばす、延長する,1
951,possibility,noun,可能性、実現性,1
952,direction,noun,方向、指示,1
953,facility,noun,設備、施設,1
954,variety,noun,多様性、変化,1
955,daily,adj,毎日の、日々の,1
956,clothes,noun,衣服、着物,1
957,screen,noun,画面、仕切り,1
958,track,noun,小道、線路,1
959,dance,verb,踊る、ダンス,1
960,completely,adv,完全に、全く,1
961,female,adj,女性の、雌の,1
962,responsibility,noun,責任、義務,1
963,original,adj,独創的な、最初の,1
964,sister,noun,姉、妹,1
965,rock,noun,岩、揺れ動く,1
966,dream,noun,夢、夢を見る,1
967,nor,conj,〜もまた…ない,0
968,university,noun,大学、総合大学,1
969,easily,adv,容易に、簡単に,1
970,agency,noun,代理店、機関,1
971,dollar,noun,ドル、1ドル,1
972,garden,noun,庭、庭園,1
973,fix,verb,修理する、固定する,1
974,ahead,adv,前方へ、先に,1
975,cross,verb,横切る、交差する,1
976,yeah,interj,うん、そうだ,0
977,candidate,noun,候補者、志願者,1
978,weight,noun,重さ、体重,1
979,legal,adj,合法の、法律の,1
980,proposal,noun,提案、申し出,1
981,version,noun,版、翻訳,1
982,conversation,noun,会話、談話,1
983,somebody,pron,誰か、ある人,0
984,pound,noun,ポンド、強打する,1
985,magazine,noun,雑誌、定期刊行物,1
986,shape,noun,形、体調,1
987,sea,noun,海、海洋,1
988,immediately,adv,直ちに、すぐに,1
989,welcome,adj,歓迎される、ようこそ,1
990,smile,verb,ほほ笑む、笑顔,1
991,communication,noun,意思疎通、伝達,1
992,agent,noun,代理人、仲介者,1
993,traditional,adj,伝統的な、従来の,1
994,replace,verb,取って代わる、交換する,1
995,judge,verb,判断する、裁判官,1
996,herself,pron,彼女自身,0
997,suddenly,adv,突然に、急に,1
998,generation,noun,世代、同世代の人々,1
999,estimate,verb,見積もる、推定する,1
1000,favorite,adj,お気に入りの、大好きな,1
1001,difficulty,noun,困難、難しさ,1
1002,purchase,verb,購入する、買う,1
1003,shoot,verb,撃つ、シュートする,1
1004,announce,verb,発表する、告げる,1
1005,unless,conj,〜でない限り,0
1006,independent,adj,独立した、自立した,1
1007,recommend,verb,推薦する、勧める,1
1008,survey,noun,調査、見渡す,1
1009,majority,noun,大多数、過半数,1
1010,stick,verb,突き刺す、くっつく,1
1011,request,noun,頼み、要請する,1
1012,rich,adj,裕福な、豊富な,1
1013,wind,noun,風、巻きつく,1
1014,none,pron,誰も〜ない、何も〜ない,0
1015,exchange,verb,交換する、両替する,1
1016,budget,noun,予算、経費,1
1017,famous,adj,有名な、高名な,1
1018,blood,noun,血、血液,1
1019,appropriate,adj,適切な、ふさわしい,1
1020,block,noun,塊、ふさぐ,1
1021,warm,adj,暖かい、温かい,1
1022,count,verb,数える、重要である,1
1023,scene,noun,場面、景色,1
1024,writer,noun,作家、著者,1
1025,content,noun,内容、満足した,1
1026,prevent,verb,防ぐ、妨げる,1
1027,safe,adj,安全な、金庫,1
1028,invite,verb,招待する、招く,1
1029,mix,verb,混ぜる、混ざる,1
1030,element,noun,要素、元素,1
1031,effective,adj,効果的な、有効な,1
1032,correct,adj,正しい、訂正する,1
1033,medical,adj,医学の、医療の,1
1034,admit,verb,認める、入場を許可する,1
1035,beat,verb,打つ、打ち負かす,1
1036,telephone,noun,電話、電話機,1
1037,copy,noun,写し、複写する,1
1038,committee,noun,委員会,1
1039,aware,adj,気づいて、知って,1
1040,advice,noun,助言、忠告,1
1041,handle,verb,扱う、取っ手,1
1042,glass,noun,ガラス、コップ,1
1043,trial,noun,試み、裁判,1
1044,stress,noun,緊張、強調する,1
1045,radio,noun,ラジオ、無線,1
1046,administration,noun,管理、行政,1
1047,complex,adj,複雑な、複合体,1
1048,text,noun,本文、教科書,1
1049,context,noun,文脈、背景,1
1050,ride,verb,乗る、乗車,1
1051,directly,adv,直接に、直ちに,1
1052,heavy,adj,重い、激しい,1
1053,remove,verb,取り除く、解雇する,1
1054,conduct,verb,行う、指揮する,1
1055,equipment,noun,設備、用具,1
1056,otherwise,adv,さもなければ、別の方法で,1
1057,title,noun,題名、表題,1
1058,extra,adj,余分の、特別な,1
1059,executive,noun,重役、幹部,1
1060,chair,noun,いす、司会を務める,1
1061,expensive,adj,高価な、値段の高い,1
1062,sample,noun,標本、見本,1
1063,sex,noun,性、性別,1
1064,deliver,verb,配達する、届ける,1
1065,video,noun,映像、ビデオ,1
1066,connection,noun,つながり、関係,1
1067,primary,adj,第一の、初等の,1
1068,weather,noun,天気、気候,1
1069,collect,verb,集める、収集する,1
1070,inform,verb,知らせる、通知する,1
1071,principle,noun,原理、原則,1
1072,straight,adj,まっすぐな、直接の,1
1073,appeal,verb,訴えかける、懇願する,1
1074,highly,adv,大いに、高度に,1
1075,trust,verb,信用する、信頼,1
1076,wonderful,adj,素晴らしい、素敵な,1
1077,flat,adj,平らな、平たい,1
1078,absolutely,adv,絶対に、完全に,1
1079,flow,verb,流れる、流れ,1
1080,fair,adj,公平な、見本市,1
1081,additional,adj,追加の、付加的な,1
1082,responsible,adj,責任がある,1
1083,farm,noun,農場、耕作地,1
1084,collection,noun,収集物、集めること,1
1085,hang,verb,つるす、かかる,1
1086,negative,adj,否定的な、消極的な,1
1087,band,noun,楽団、ひも,1
1088,relative,adj,相対的な、親戚,1
1089,tour,noun,旅行、見学する,1
1090,alternative,noun,代案、二者択一の,1
1091,software,noun,ソフトウェア,1
1092,pair,noun,一対、ペア,1
1093,ship,noun,船、発送する,1
1094,attitude,noun,態度、姿勢,1
1095,cheap,adj,安価な、安っぽい,1
1096,double,adj,2倍の、二重の,1
1097,leg,noun,脚、足,1
1098,observe,verb,観察する、遵守する,1
1099,sentence,noun,文、判決,1
1100,print,verb,印刷する、出版する,1
1101,progress,noun,進歩、前進する,1
1102,truth,noun,真実、真相,1
1103,nobody,pron,誰も〜ない,0
1104,examine,verb,調査する、診察する,1
1105,lay,verb,置く、横たえる,1
1106,speed,noun,速度、急速さ,1
1107,politics,noun,政治、政治学,1
1108,reply,verb,返答する、返事,1
1109,display,verb,展示する、表示する,1
1110,transfer,verb,移す、転勤する,1
1111,perfect,adj,完全な、完璧な,1
1112,slightly,adv,わずかに、少し,1
1113,overall,adj,全体的な、全般の,1
1114,intend,verb,意図する、〜するつもりだ,1
1115,user,noun,利用者、ユーザー,1
1116,respond,verb,応答する、反応する,1
1117,dinner,noun,夕食、晩餐,1
1118,slow,adj,遅い、ゆっくりした,1
1119,regular,adj,規則的な、定期的な,1
1120,physical,adj,身体の、物質的な,1
1121,apart,adv,離れて、別れて,1
1122,suit,verb,適する、スーツ,1
1123,federal,adj,連邦の、連邦政府の,1
1124,reveal,verb,明らかにする、漏らす,1
1125,percentage,noun,割合、百分率,1
1126,peace,noun,平和、安らぎ,1
1127,status,noun,地位、身分,1
1128,crime,noun,犯罪、罪,1
1129,decline,verb,衰退する、断る,1
1130,decade,noun,10年間,1
1131,launch,verb,開始する、打ち上げる,1
1132,warn,verb,警告する、注意する,1
1133,consumer,noun,消費者,1
1134,favor,noun,好意、賛成する,1
1135,dry,adj,乾いた、乾燥した,1
1136,partner,noun,共同経営者、配偶者,1
1137,institution,noun,機関、制度,1
1138,spot,noun,場所、斑点,1
1139,horse,noun,馬,1
1140,eventually,adv,結局は、最後には,1
1141,heat,noun,熱、暑さ,1
1142,excite,verb,興奮させる、刺激する,1
1143,reader,noun,読者、読本,1
1144,importance,noun,重要性、重大さ,1
1145,distance,noun,距離、遠方,1
1146,guide,noun,案内人、案内する,1
1147,grant,verb,授与する、認める,1
1148,taxi,noun,タクシー,1
1149,feed,verb,餌を与える、養う,1
1150,pain,noun,痛み、苦痛,1
1151,sector,noun,部門、分野,1
1152,mistake,noun,間違い、誤り,1
1153,ensure,verb,確実にする、保証する,1
1154,satisfy,verb,満足させる、満たす,1
1155,chief,noun,長、長官,1
1156,cool,adj,涼しい、かっこいい,1
1157,expert,noun,専門家、熟練者,1
1158,wave,verb,手を振る、波,1
1159,south,noun,南、南方,1
1160,labor,noun,労働、労働者,1
1161,surface,noun,表面、外見,1
1162,library,noun,図書館、書斎,1
1163,excellent,adj,優れた、優秀な,1
1164,edge,noun,端、刃先,1
1165,camp,noun,野営地、キャンプする,1
1166,audience,noun,聴衆、観客,1
1167,lift,verb,持ち上げる、エレベーター,1
1168,procedure,noun,手順、処置,1
1169,email,noun,電子メール,1
1170,global,adj,世界的な、地球規模の,1
1171,struggle,verb,奮闘する、もがく,1
1172,advertise,verb,広告する、宣伝する,1
1173,select,verb,選ぶ、精選された,1
1174,surround,verb,囲む、包囲する,1
1175,extent,noun,程度、広がり,1
1176,river,noun,川、河川,1
1177,annual,adj,年1回の、例年の,1
1178,fully,adv,十分に、完全に,1
1179,contrast,noun,対比、対照をなす,1
1180,roll,verb,転がる、巻いたもの,1
1181,reality,noun,現実、真実,1
1182,photograph,noun,写真、撮影する,1
1183,artist,noun,芸術家、画家,1
1184,conflict,noun,対立、衝突する,1
1185,entire,adj,全体の、完全な,1
1186,presence,noun,存在、出席,1
1187,crowd,noun,群衆、混雑する,1
1188,corner,noun,角、隅,1
1189,gas,noun,気体、ガソリン,1
1190,shift,verb,移す、変化,1
1191,net,noun,網、正味の,1
1192,category,noun,部類、区分,1
1193,secretary,noun,秘書、長官,1
1194,defense,noun,防衛、弁護,1
1195,quick,adj,素早い、迅速な,1
1196,cook,verb,料理する、料理人,1
1197,spread,verb,広げる、広がる,1
1198,nuclear,adj,原子力の、核の,1
1199,scale,noun,規模、尺度,1
1200,driver,noun,運転手、御者,1
1201,ball,noun,ボール、球,1
1202,cry,verb,泣く、叫ぶ,1
1203,introduction,noun,導入、紹介,1
1204,requirement,noun,必要条件、要件,1
1205,north,noun,北、北方,1
1206,confirm,verb,確認する、裏付ける,1
1207,senior,adj,年上の、上級の,1
1208,photo,noun,写真,1
1209,refuse,verb,拒否する、断る,1
1210,transport,noun,輸送、輸送機関,1
1211,emerge,verb,現れる、浮上する,1
1212,map,noun,地図、案内図,1
1213,concept,noun,概念、考え方,1
1214,island,noun,島、島根,1
1215,reform,noun,改革、改善する,1
1216,neither,det,どちらも〜ない,0
1217,football,noun,サッカー、フットボール,1
1218,survive,verb,生き残る、生き延びる,1
1219,flight,noun,飛行、定期航空便,1
1220,left,adj,左の、左側に,1
1221,solve,verb,解決する、解く,1
1222,neighbor,noun,隣人、近所の人,1
1223,background,noun,背景、生い立ち,1
1224,technique,noun,技術、技法,1
1225,traffic,noun,交通、通行量,1
1226,improvement,noun,改善、向上,1
1227,tool,noun,道具、工具,1
1228,consequence,noun,結果、重大さ,1
1229,circumstance,noun,状況、事情,1
1230,smoke,noun,煙、喫煙する,1
1231,reaction,noun,反応、反作用,1
1232,rain,noun,雨、雨が降る,1
1233,busy,adj,忙しい、にぎやかな,1
1234,lesson,noun,授業、教訓,1
1235,brain,noun,脳、頭脳,1
1236,mass,noun,塊、集団,1
1237,funny,adj,おかしい、こっけいな,1
1238,contribute,verb,貢献する、寄付する,1
1239,failure,noun,失敗、不履行,1
1240,schedule,noun,予定、日程表,1
1241,speaker,noun,話し手、演説者,1
1242,bottom,noun,底、最下部,1
1243,adopt,verb,採用する、養子にする,1
1244,combine,verb,結合させる、兼ねる,1
1245,mountain,noun,山、山岳,1
1246,waste,noun,無駄、浪費する,1
1247,hide,verb,隠す、隠れる,1
1248,marriage,noun,結婚、婚姻,1
1249,ticket,noun,切符、チケット,1
1250,meal,noun,食事、1食分の料理,1
1251,colleague,noun,同僚、同業者,1
1252,bag,noun,かばん、袋,1
1253,repeat,verb,繰り返す、復唱する,1
1254,equal,adj,等しい、平等な,1
1255,expression,noun,表現、表情,1
1256,plus,prep,〜を加えて、足す,0
1257,extremely,adv,極めて、非常に,1
1258,owner,noun,所有者、持ち主,1
1259,plane,noun,飛行機、平面,1
1260,commercial,adj,商業の、営利目的の,1
1261,lady,noun,婦人、女性,1
1262,duty,noun,義務、職務,1
1263,strength,noun,力、強さ,1
1264,connect,verb,つなぐ、接続する,1
1265,cultural,adj,文化の、文化的な,1
1266,arrange,verb,手配する、整頓する,1
1267,scheme,noun,計画、体系,1
1268,payment,noun,支払い、報酬,1
1269,unfortunately,adv,残念ながら、不幸にも,1
1270,brief,adj,簡潔な、短い,1
1271,bird,noun,鳥、鳥類,1
1272,demonstrate,verb,実演する、明示する,1
1273,contribution,noun,貢献、寄付金,1
1274,appreciate,verb,感謝する、正当に評価する,1
1275,chapter,noun,章、区切り,1
1276,secret,noun,秘密、秘訣,1
1277,apparently,adv,どうやら、見たところ,1
1278,novel,noun,小説、斬新な,1
1279,union,noun,労働組合、結合,1
1280,burn,verb,燃える、燃やす,1
1281,trend,noun,傾向、流行,1
1282,initial,adj,最初の、語頭の,1
1283,pleasure,noun,喜び、楽しみ,1
1284,suggestion,noun,提案、ほのめかし,1
1285,critical,adj,批判的な、重大な,1
1286,gather,verb,集める、集まる,1
1287,mostly,adv,大部分は、主として,1
1288,earth,noun,地球、大地,1
1289,pop,noun,ポピュラー音楽、飛び出る,1
1290,essential,adj,不可欠な、本質的な,1
1291,desire,noun,願望、強く望む,1
1292,promote,verb,促進する、昇進させる,1
1293,currently,adv,現在、目下,1
1294,employ,verb,雇う、用いる,1
1295,path,noun,小道、進路,1
1296,topic,noun,話題、題目,1
1297,beach,noun,浜辺、海辺,1
1298,attract,verb,引きつける、魅了する,1
1299,engage,verb,従事する、引き込む,1
1300,powerful,adj,強力な、権力のある,1
1301,flower,noun,花、開花する,1
1302,crisis,noun,危機、難局,1
1303,settle,verb,解決する、定住する,1
1304,boat,noun,小舟、ボート,1
1305,aid,noun,援助、助け,1
1306,fan,noun,愛好者、うちわ,1
1307,kitchen,noun,台所、キッチン,1
1308,twice,adv,2度、2倍,1
1309,fresh,adj,新鮮な、生き生きした,1
1310,delay,verb,遅らせる、延期,1
1311,safety,noun,安全、無事,1
1312,engineer,noun,技師、技術者,1
1313,quiet,adj,静かな、穏やかな,1
1314,insurance,noun,保険、保険金,1
1315,nurse,noun,看護師、介抱する,1
1316,divide,verb,分ける、分割する,1
1317,length,noun,長さ、期間,1
1318,investigation,noun,調査、捜査,1
1319,package,noun,小包、ひとまとめ,1
1320,somewhere,adv,どこかに、どこかで,0
1321,expand,verb,拡大する、広がる,1
1322,commit,verb,犯す、約束する,1
1323,obvious,adj,明白な、明らかな,1
1324,jump,verb,跳ぶ、跳び上がる,1
1325,weapon,noun,武器、兵器,1
1326,relatively,adv,比較的、相対的に,1
1327,host,noun,主催者、主人,1
1328,winter,noun,冬、冬季,1
1329,district,noun,地区、地方,1
1330,broad,adj,広い、広範囲に及ぶ,1
1331,tire,verb,疲れさせる、タイヤ,1
1332,spring,noun,春、泉,1
1333,spirit,noun,精神、気迫,1
1334,lunch,noun,昼食、弁当,1
1335,actual,adj,実際の、実在の,1
1336,pool,noun,水たまり、プール,1
1337,battle,noun,戦闘、戦い,1
1338,tradition,noun,伝統、慣習,1
1339,cash,noun,現金、現金化する,1
1340,hardly,adv,ほとんど〜ない,1
1341,award,noun,賞、授与する,1
1342,coach,noun,指導員、客車,1
1343,experiment,noun,実験、試み,1
1344,consideration,noun,考慮、思いやり,1
1345,strange,adj,奇妙な、見知らぬ,1
1346,code,noun,暗号、法規,1
1347,possibly,adv,もしかすると、到底,1
1348,threat,noun,脅威、脅迫,1
1349,accident,noun,事故、偶然の出来事,1
1350,impossible,adj,不可能な、無理な,1
1351,revenue,noun,歳入、収益,1
1352,enable,verb,可能にする,1
1353,afraid,adj,恐れて、心配して,1
1354,active,adj,活動的な、積極的な,1
1355,conclude,verb,結論づける、終える,1
1356,religious,adj,宗教の、信仰深い,1
1357,cancer,noun,がん、悪性腫瘍,1
1358,convince,verb,確信させる、納得させる,1
1359,vary,verb,変わる、異なる,1
1360,environmental,adj,環境の、周囲の,1
1361,sun,noun,太陽、日光,1
1362,healthy,adj,健康な、健全な,1
1363,blow,verb,吹く、強打,1
1364,volume,noun,音量、容量,1
1365,location,noun,位置、場所,1
1366,invest,verb,投資する、費やす,1
1367,proceed,verb,進む、続ける,1
1368,wash,verb,洗う、洗濯する,1
1369,actor,noun,俳優、役者,1
1370,glad,adj,うれしい、喜んで,1
1371,tape,noun,テープ、録音する,1
1372,whereas,conj,一方で、〜だが,0
1373,opposite,adj,反対の、向かい側の,1
1374,stone,noun,石、小石,1
1375,sum,noun,合計、金額,1
1376,murder,noun,殺人、殺害する,1
1377,monitor,noun,監視装置、監視する,1
1378,soldier,noun,兵士、軍人,1
1379,finance,noun,財政、資金調達,1
1380,hate,verb,ひどく嫌う、憎む,1
1381,egg,noun,卵、たまご,1
1382,concert,noun,演奏会、コンサート,1
1383,shock,noun,衝撃、ショックを与える,1
1384,comfortable,adj,快適な、心地よい,1
1385,usual,adj,いつもの、通常の,1
1386,carefully,adv,注意深く、入念に,1
1387,pack,verb,荷造りする、詰め込む,1
1388,recall,verb,思い出す、回収する,1
1389,wine,noun,ワイン、ぶどう酒,1
1390,camera,noun,カメラ、写真機,1
1391,swim,verb,泳ぐ、水泳する,1
1392,manufacture,verb,製造する、製品,1
1393,theater,noun,劇場、映画館,1
1394,cycle,noun,周期、循環する,1
1395,coffee,noun,コーヒー,1
1396,totally,adv,完全に、全く,1
1397,museum,noun,博物館、美術館,1
1398,visitor,noun,訪問者、来客,1
1399,freedom,noun,自由、解放,1
1400,construction,noun,建設、建造物,1
1401,dear,adj,親愛なる、大切な,1
1402,objective,noun,目標、客観的な,1
1403,moreover,adv,さらに、その上,0
1404,onto,prep,〜の上へ,0
1405,historical,adj,歴史に関する、歴史上の,1
1406,oppose,verb,反対する、敵対する,1
1407,branch,noun,枝、支店,1
1408,vehicle,noun,乗り物、車両,1
1409,scientist,noun,科学者,1
1410,route,noun,道筋、ルート,1
1411,bind,verb,縛る、束縛する,1
1412,belong,verb,所属する、属する,1
1413,taste,verb,味がする、味覚,1
1414,tonight,adv,今夜、今晩,1
1415,fashion,noun,流行、ファッション,1
1416,danger,noun,危険、脅威,1
1417,bomb,noun,爆弾、爆破する,1
1418,army,noun,陸軍、軍隊,1
1419,dangerous,adj,危険な、危ない,1
1420,decrease,verb,減少する、減らす,1
1421,hurt,verb,痛む、傷つける,1
1422,council,noun,議会、評議会,1
1423,editor,noun,編集者,1
1424,normally,adv,普通は、通常は,1
1425,sight,noun,視力、光景,1
1426,generate,verb,生み出す、発生させる,1
1427,gift,noun,贈り物、才能,1
1428,delivery,noun,配達、引き渡し,1
1429,deny,verb,否定する、拒む,1
1430,guest,noun,来客、ゲスト,1
1431,anybody,pron,誰でも、誰か,0
1432,bedroom,noun,寝室、ベッドルーム,1
1433,quote,verb,引用する、見積もる,1
1434,climb,verb,登る、よじ登る,1
1435,basically,adv,基本的に、要するに,1
1436,violence,noun,暴力、激しさ,1
1437,minister,noun,大臣、牧師,1
1438,mainly,adv,主に、大部分は,1
1439,mouth,noun,口、口元,1
1440,noise,noun,物音、騒音,1
1441,manner,noun,方法、礼儀作法,1
1442,gun,noun,銃、鉄砲,1
1443,square,noun,正方形、広場,1
1444,occasion,noun,機会、特別な行事,1
1445,familiar,adj,よく知られた、親しい,1
1446,ignore,verb,無視する、見落とす,1
1447,destroy,verb,破壊する、台無しにする,1
1448,affair,noun,出来事、事件,1
1449,civil,adj,市民の、民間の,1
1450,locate,verb,位置づける、見つける,1
1451,citizen,noun,市民、国民,1
1452,temperature,noun,温度、気温,1
1453,gold,noun,金、金色,1
1454,domestic,adj,国内の、家庭の,1
1455,load,noun,荷物、積み込む,1
1456,belief,noun,信念、信用,1
1457,troop,noun,軍隊、群れ,1
1458,technical,adj,技術的な、専門の,1
1459,remind,verb,思い出させる、気づかせる,1
1460,arrangement,noun,手配、整頓,1
1461,skin,noun,皮膚、肌,1
1462,prison,noun,刑務所、拘置所,1
1463,switch,verb,切り替える、スイッチ,1
1464,acquire,verb,習得する、獲得する,1
1465,corporate,adj,企業の、法人の,1
1466,fairly,adv,かなり、公平に,1
1467,wood,noun,木材、森,1
1468,participate,verb,参加する、加わる,1
1469,tough,adj,骨の折れる、頑丈な,1
1470,tear,noun,涙、引き裂く,1
1471,representative,noun,代表者、代理人,1
1472,capacity,noun,収容能力、力量,1
1473,border,noun,国境、境界,1
1474,shake,verb,振る、揺れる,1
1475,assessment,noun,評価、査定,1
1476,shoe,noun,靴、履物,1
1477,ought,aux,〜すべきである,0
1478,ad,noun,広告、宣伝,1
1479,fee,noun,謝礼、入場料,1
1480,hall,noun,玄関、大広間,1
1481,regulation,noun,規則、規制,1
1482,escape,verb,逃げる、逃れる,1
1483,studio,noun,作業場、スタジオ,1
1484,proper,adj,適切な、ふさわしい,1
1485,relax,verb,くつろぐ、緩める,1
1486,tourist,noun,観光客、旅行者,1
1487,component,noun,構成要素、部品,1
1488,afford,verb,〜を持つ余裕がある,1
1489,lawyer,noun,弁護士、法律家,1
1490,suspect,verb,疑う、容疑者,1
1491,cup,noun,茶わん、カップ,1
1492,description,noun,描写、説明,1
1493,confidence,noun,自信、信頼,1
1494,industrial,adj,産業の、工業の,1
1495,complain,verb,不平を言う、抗議する,1
1496,perspective,noun,観点、見通し,1
1497,error,noun,誤り、過失,1
1498,arrest,verb,逮捕する、阻止する,1
1499,assess,verb,評価する、査定する,1
1500,register,verb,登録する、記録する,1
1501,asset,noun,財産、有用なもの,1
1502,signal,noun,合図、信号,1
1503,finger,noun,指、手の指,1
1504,relevant,adj,関連がある、適切な,1
1505,explore,verb,探検する、調査する,1
1506,leadership,noun,指導力、統率力,1
1507,commitment,noun,献身、公約,1
1508,wake,verb,目覚める、起こす,1
1509,necessarily,adv,必ずしも、必然的に,1
1510,bright,adj,明るい、聡明な,1
1511,frame,noun,枠組み、骨組み,1
1512,slowly,adv,ゆっくりと、遅く,1
1513,bond,noun,きずな、債券,1
1514,hire,verb,雇う、賃借する,1
1515,hole,noun,穴、割れ目,1
1516,tie,verb,結ぶ、ネクタイ,1
1517,internal,adj,内部の、国内の,1
1518,chain,noun,鎖、連鎖,1
1519,literature,noun,文学、文献,1
1520,victim,noun,犠牲者、被害者,1
1521,threaten,verb,脅かす、脅迫する,1
1522,division,noun,分割、部門,1
1523,secure,adj,安全な、確保する,1
1524,amaze,verb,驚嘆させる、仰天させる,1
1525,device,noun,装置、道具,1
1526,birth,noun,誕生、出産,1
1527,forest,noun,森林、森,1
1528,label,noun,名札、ラベルを貼る,1
1529,root,noun,根、根本,1
1530,factory,noun,工場、製造所,1
1531,expense,noun,費用、出費,1
1532,channel,noun,海峡、水路,1
1533,investigate,verb,調査する、研究する,1
1534,recommendation,noun,推薦、勧告,1
1535,rank,noun,階級、位置する,1
1536,typical,adj,典型的な、特有の,1
1537,west,noun,西、西方,1
1538,friendly,adj,親しみやすい、親切な,1
1539,resident,noun,住民、居住者,1
1540,provision,noun,供給、備え,1
1541,concentrate,verb,集中する、集める,1
1542,plenty,noun,豊富さ、多量,1
1543,export,verb,輸出する、輸出品,1
1544,entirely,adv,全く、完全に,1
1545,strongly,adv,強く、激しく,1
1546,bridge,noun,橋、架け橋,1
1547,consist,verb,成り立つ、構成される,1
1548,graduate,verb,卒業する、卒業生,1
1549,brand,noun,銘柄、ブランド,1
1550,moral,adj,道徳的な、教訓,1
1551,insist,verb,主張する、強く要求する,1
1552,combination,noun,組み合わせ、結合,1
1553,abuse,noun,乱用、虐待する,1
1554,ice,noun,氷、氷水,1
1555,principal,adj,主要な、校長,1
1556,master,noun,主人、習得する,1
1557,definitely,adv,絶対に、確かに,1
1558,session,noun,開会、期間,1
1559,grade,noun,学年、成績,1
1560,nevertheless,adv,それにもかかわらず,1
1561,predict,verb,予言する、予測する,1
1562,previously,adv,以前に、あらかじめ,1
1563,protection,noun,保護、防御,1
1564,largely,adv,主として、大部分は,1
1565,wed,verb,結婚する、結合させる,1
1566,rent,noun,賃料、賃貸しする,1
1567,shot,noun,発射、シュート,1
1568,appearance,noun,外見、出現,1
1569,reasonable,adj,妥当な、手頃な,1
1570,guarantee,verb,保証する、保証,1
1571,till,prep,〜までずっと,0
1572,theme,noun,主題、テーマ,1
1573,judgment,noun,判断、裁判,1
1574,odd,adj,奇妙な、奇数の,1
1575,approve,verb,賛成する、承認する,1
1576,loan,noun,融資、貸し付ける,1
1577,definition,noun,定義、明瞭度,1
1578,elect,verb,選出する、選ぶ,1
1579,atmosphere,noun,大気、雰囲気,1
1580,farmer,noun,農民、農業経営者,1
1581,comparison,noun,比較、対照,1
1582,characteristic,noun,特徴、特徴的な,1
1583,license,noun,免許証、許可する,1
1584,rely,verb,頼る、当てにする,1
1585,narrow,adj,狭い、細い,1
1586,succeed,verb,成功する、継承する,1
1587,identity,noun,正体、身元,1
1588,desk,noun,机、案内所,1
1589,permit,verb,許可する、認める,1
1590,seriously,adv,真剣に、ひどく,1
1591,wild,adj,野生の、乱暴な,1
1592,empty,adj,空の、空虚な,1
1593,commission,noun,委員会、手数料,1
1594,unique,adj,唯一の、特有の,1
1595,association,noun,協会、連想,1
1596,instrument,noun,器具、楽器,1
1597,investor,noun,投資家,1
1598,practical,adj,実用的な、実際の,1
1599,tea,noun,お茶、紅茶,1
1600,lovely,adj,愛らしい、美しい,1
1601,soft,adj,柔らかい、穏やかな,1
1602,row,noun,列、並び,1
1603,youth,noun,若さ、青春時代,1
1604,lock,verb,鍵をかける、錠,1
1605,fuel,noun,燃料、あおる,1
1606,expectation,noun,期待、予想,1
1607,employment,noun,雇用、職,1
1608,celebrate,verb,祝う、記念する,1
1609,sexual,adj,性の、性的な,1
1610,shoulder,noun,肩、担う,1
1611,breath,noun,息、呼吸,1
1612,increasingly,adv,ますます、次第に,1
1613,import,verb,輸入する、輸入品,1
1614,bottle,noun,瓶、ボトル,1
1615,ourselves,pron,私たち自身,0
1616,sheet,noun,シーツ、1枚の紙,1
1617,engine,noun,機関、エンジン,1
1618,cast,verb,投げる、配役する,1
1619,notion,noun,観念、考え,1
1620,conservative,adj,保守的な、控えめな,1
1621,journey,noun,旅、旅行,1
1622,opposition,noun,反対、抵抗,1
1623,relief,noun,安堵、救援,1
1624,debt,noun,借金、負債,1
1625,honor,noun,名誉、栄誉を授ける,1
1626,outcome,noun,結果、結末,1
1627,blame,verb,非難する、責任を負わせる,1
1628,explanation,noun,説明、解明,1
1629,arise,verb,生じる、起こる,1
1630,musical,adj,音楽の、ミュージカル,1
1631,recover,verb,回復する、取り戻す,1
1632,dad,noun,お父さん、パパ,1
1633,stretch,verb,伸ばす、広がる,1
1634,declare,verb,宣言する、申告する,1
1635,retire,verb,退職する、引退する,1
1636,tiny,adj,ごく小さい、微小な,1
1637,careful,adj,注意深い、慎重な,1
1638,suitable,adj,適した、ふさわしい,1
1639,native,adj,母国の、出身の,1
1640,fruit,noun,果物、成果,1
1641,analyze,verb,分析する、分解する,1
1642,witness,noun,目撃者、証言する,1
1643,mail,noun,郵便、手紙,1
1644,terrible,adj,恐ろしい、ひどい,1
1645,researcher,noun,研究者、調査員,1
1646,ordinary,adj,普通の、並の,1
1647,selection,noun,選択、選抜,1
1648,anywhere,adv,どこかに、どこにも,0
1649,mental,adj,精神の、知的な,1
1650,participant,noun,参加者,1
1651,vision,noun,視覚、展望,1
1652,personality,noun,個性、人格,1
1653,specifically,adv,具体的には、特に,1
1654,fat,adj,太った、脂肪,1
1655,entry,noun,入場、記入,1
1656,fellow,noun,仲間、同僚の,1
1657,chemical,adj,化学の、化学物質,1
1658,capture,verb,捕らえる、捕獲する,1
1659,tip,noun,助言、先端,1
1660,discount,noun,割引、割引する,1
1661,peak,noun,頂点、山頂,1
1662,chairman,noun,議長、会長,1
1663,proportion,noun,割合、均衡,1
1664,ear,noun,耳、聴力,1
1665,disappear,verb,消える、見えなくなる,1
1666,shout,verb,叫ぶ、怒鳴る,1
1667,yard,noun,庭、ヤード,1
1668,constant,adj,一定の、絶え間ない,1
1669,significantly,adv,著しく、かなり,1
1670,hill,noun,丘、坂道,1
1671,considerable,adj,かなりの、相当な,1
1672,instruction,noun,指導、使用説明書,1
1673,intelligence,noun,知能、情報,1
1674,ideal,adj,理想的な、理想,1
1675,folk,noun,人々、民族の,1
1676,surely,adv,確かに、きっと,1
1677,guard,verb,守る、警備員,1
1678,cat,noun,猫,1
1679,somewhat,adv,いくぶん、多少,1
1680,kiss,verb,キスする、口づけ,1
1681,presentation,noun,発表、贈呈,1
1682,joint,adj,共同の、関節,1
1683,compete,verb,競う、対抗する,1
1684,poll,noun,世論調査、投票,1
1685,weak,adj,弱い、かすかな,1
1686,faith,noun,信頼、信仰,1
1687,reduction,noun,減少、削減,1
1688,reserve,verb,予約する、蓄え,1
1689,complaint,noun,苦情、不平,1
1690,bore,verb,退屈させる,1
1691,mission,noun,使命、任務,1
1692,somehow,adv,どうにかして、何とかして,1
1693,tone,noun,口調、音調,1
1694,neighborhood,noun,近所、近隣,1
1695,passenger,noun,乗客、旅客,1
1696,justice,noun,正義、公正,1
1697,phase,noun,段階、局面,1
1698,thin,adj,薄い、やせた,1
1699,rush,verb,急ぐ、突進する,1
1700,formal,adj,正式な、形式的な,1
1701,religion,noun,宗教、信仰,1
1702,employer,noun,雇い主、使用者,1
1703,reject,verb,拒絶する、断る,1
1704,latter,adj,後者の,1
1705,plate,noun,皿、平板,1
1706,ban,verb,禁止する、禁止令,1
1707,steal,verb,盗む、盗取する,1
1708,protest,noun,抗議、主張する,1
1709,index,noun,索引、指標,1
1710,sad,adj,悲しい、憂うつな,1
1711,frequently,adv,頻繁に、しばしば,1
1712,circle,noun,円、輪,1
1713,helpful,adj,役に立つ、助けになる,1
1714,command,verb,命令する、指揮する,1
1715,attractive,adj,魅力的な、人を引きつける,1
1716,sick,adj,病気の、吐き気がする,1
1717,impression,noun,印象、感動,1
1718,unable,adj,できない,1
1719,joke,noun,冗談、からかい,1
1720,sky,noun,空、天空,1
1721,column,noun,円柱、コラム欄,1
1722,electronic,adj,電子の、電子工学の,1
1723,impose,verb,課す、押しつける,1
1724,criminal,noun,犯罪者、犯人,1
1725,besides,prep,〜のほかに、それに加えて,0
1726,properly,adv,適切に、正しく,1
1727,ancient,adj,古代の、大昔の,1
1728,coast,noun,海岸、沿岸,1
1729,ill,adj,病気の、悪い,1
1730,kick,verb,蹴る、キックする,1
1731,closely,adv,綿密に、密接に,1
1732,multiple,adj,多数の、多様な,1
1733,yield,verb,産出する、屈する,1
1734,via,prep,〜を経由して、〜によって,0
1735,legislation,noun,法律、立法,1
1736,county,noun,郡,1
1737,unlike,prep,〜と違って,0
1738,mobile,adj,移動式の、可動の,1
1739,assistant,noun,助手、補佐官,1
1740,implement,verb,実行する、道具,1
1741,chart,noun,図表、海図,1
1742,attach,verb,取りつける、添付する,1
1743,hell,noun,地獄,1
1744,everywhere,adv,どこでも、至る所に,0
1745,advise,verb,助言する、忠告する,1
1746,household,noun,世帯、家族,1
1747,acknowledge,verb,認める、受領を通知する,1
1748,reward,noun,報酬、報いる,1
1749,east,noun,東、東洋,1
1750,hat,noun,帽子,1
1751,academic,adj,学問の、大学の,1
1752,voter,noun,有権者、投票者,1
1753,meanwhile,adv,その間に、一方では,0
1754,furthermore,adv,さらに、しかも,0
1755,accuse,verb,告発する、非難する,1
1756,scientific,adj,科学の、科学的な,1
1757,wage,noun,賃金、給料,1
1758,absence,noun,不在、欠席,1
1759,construct,verb,建設する、組み立てる,1
1760,remark,verb,述べる、意見,1
1761,medicine,noun,薬、医学,1
1762,professor,noun,教授,1
1763,rare,adj,珍しい、めったにない,1
1764,intention,noun,意図、企て,1
1765,dozen,noun,ダース、12個,1
1766,settlement,noun,開拓地、解決,1
1767,gap,noun,すき間、隔たり,1
1768,widely,adv,広く、広範囲に,1
1769,minimum,adj,最小の、最低限度,1
1770,northern,adj,北の、北方の,1
1771,estate,noun,不動産、財産,1
1772,equally,adv,均等に、等しく,1
1773,expose,verb,さらす、暴露する,1
1774,alive,adj,生きて、元気で,1
1775,shut,verb,閉める、閉まる,1
1776,victory,noun,勝利、勝ち,1
1777,resolve,verb,解決する、決心する,1
1778,critic,noun,批評家、評論家,1
1779,variable,adj,変わりやすい、変数,1
1780,enormous,adj,莫大な、巨大な,1
1781,sweet,adj,甘い、心地よい,1
1782,permanent,adj,永久の、常設の,1
1783,emotion,noun,感情、情緒,1
1784,pursue,verb,追求する、追いかける,1
1785,tall,adj,背が高い、高い,1
1786,urge,verb,促す、強く勧める,1
1787,enemy,noun,敵、仇,1
1788,appoint,verb,指名する、任命する,1
1789,milk,noun,牛乳、ミルク,1
1790,talent,noun,才能、特技,1
1791,smell,verb,においがする、嗅ぐ,1
1792,prior,adj,前の、優先する,1
1793,priority,noun,優先事項、優先権,1
1794,online,adj,オンラインの、接続された,1
1795,phrase,noun,句、言い回し,1
1796,pilot,noun,操縦士、パイロット,1
1797,stable,adj,安定した、確固たる,1
1798,merely,adv,単に、ただ〜にすぎない,1
1799,resolution,noun,決議、決心,1
1800,communicate,verb,伝達する、意思疎通する,1
1801,injury,noun,負傷、傷害,1
1802,vast,adj,広大な、膨大な,1
1803,exhibition,noun,展覧会、展示,1
1804,producer,noun,制作者、生産者,1
1805,regional,adj,地域の、地方の,1
1806,immediate,adj,即座の、直接の,1
1807,incident,noun,出来事、事件,1
1808,childhood,noun,子ども時代、幼少期,1
1809,draft,noun,下書き、草案,1
1810,slip,verb,滑る、滑り落ちる,1
1811,accompany,verb,同行する、伴奏する,1
1812,politician,noun,政治家,1
1813,angry,adj,怒った、腹を立てた,1
1814,knock,verb,ノックする、叩く,1
1815,seed,noun,種、種子,1
1816,salary,noun,給料、俸給,1
1817,illustrate,verb,説明する、挿絵を入れる,1
1818,imply,verb,ほのめかす、暗示する,1
1819,breakfast,noun,朝食、朝ご飯,1
1820,temporary,adj,一時的な、臨時の,1
1821,liberal,adj,自由主義の、寛大な,1
1822,lake,noun,湖、湖沼,1
1823,qualify,verb,資格を得る、適格とする,1
1824,competitive,adj,競争の、張り合う,1
1825,truly,adv,本当に、真実に,1
1826,hi,interj,こんにちは、やあ,0
1827,yellow,adj,黄色い、黄色,1
1828,habit,noun,習慣、癖,1
1829,disk,noun,円盤、ディスク,1
1830,core,noun,核心、中心部,1
1831,emotional,adj,感情的な、感情の,1
1832,aircraft,noun,航空機、飛行機,1
1833,self,noun,自己、自身,1
1834,metal,noun,金属、合金,1
1835,existence,noun,存在、生存,1
1836,bone,noun,骨、骨格,1
1837,panel,noun,配電盤、委員会,1
1838,prime,adj,主要な、最良の,1
1839,appointment,noun,約束、指名,1
1840,emphasize,verb,強調する、力説する,1
1841,maximum,adj,最大の、最大限度,1
1842,effectively,adv,効果的に、事実上,1
1843,elsewhere,adv,どこか他のところで,1
1844,bother,verb,悩ます、わざわざ〜する,1
1845,initiative,noun,主導権、自発性,1
1846,sharp,adj,鋭い、急激な,1
1847,diet,noun,食事、規定食,1
1848,motion,noun,動き、身振り,1
1849,gray,adj,灰色の、薄暗い,1
1850,plastic,noun,プラスチック、合成樹脂,1
1851,complicate,verb,複雑にする、入り組ませる,1
1852,discipline,noun,規律、しつけ,1
1853,disappoint,verb,失望させる、落胆させる,1
1854,boss,noun,上司、親方,1
1855,assumption,noun,想定、引き受けること,1
1856,freeze,verb,凍る、凍結する,1
1857,extreme,adj,極端な、過度の,1
1858,passage,noun,通路、一節,1
1859,reputation,noun,評判、名声,1
1860,forth,adv,前へ、外へ,1
1861,negotiation,noun,交渉、話し合い,1
1862,mechanism,noun,仕組み、機構,1
1863,coat,noun,上着、コート,1
1864,democracy,noun,民主主義、民主政治,1
1865,pocket,noun,ポケット、懐,1
1866,lucky,adj,幸運な、ついてる,1
1867,crash,verb,衝突する、墜落する,1
1868,observation,noun,観察、所見,1
1869,meat,noun,肉、食肉,1
1870,concentration,noun,集中、濃度,1
1871,implication,noun,含意、影響,1
1872,deserve,verb,〜を受けるに値する,1
1873,unusual,adj,珍しい、普通でない,1
1874,defend,verb,防御する、擁護する,1
1875,classic,adj,古典の、典型的な,1
1876,king,noun,王、国王,1
1877,interaction,noun,相互作用、交流,1
1878,repair,verb,修理する、修復する,1
1879,collapse,verb,崩壊する、倒れる,1
1880,borrow,verb,借りる、借用する,1
1881,fundamental,adj,基本的な、根本的な,1
1882,dish,noun,皿、料理,1
1883,abroad,adv,外国へ、海外に,1
1884,soul,noun,魂、霊魂,1
1885,capable,adj,能力がある、有能な,1
1886,defeat,verb,打ち負かす、敗北,1
1887,presidential,adj,大統領の,1
1888,perfectly,adv,完璧に、完全に,1
1889,enhance,verb,高める、向上させる,1
1890,proud,adj,誇りに思う、自慢の,1
1891,emergency,noun,緊急事態、非常時,1
1892,educational,adj,教育の、教育的な,1
1893,distinguish,verb,区別する、識別する,1
1894,substantial,adj,かなりの、実質的な,1
1895,nearby,adj,近所の、近くの,1
1896,manufacturer,noun,製造業者、メーカー,1
1897,slide,verb,滑る、滑り台,1
1898,valuable,adj,貴重な、高価な,1
1899,personally,adv,個人的に、自分で,1
1900,breast,noun,胸、胸部,1
1901,cope,verb,うまく対処する,1
1902,approximately,adv,およそ、ほぼ,1
1903,accommodation,noun,宿泊施設、便宜,1
1904,highlight,verb,強調する、目立たせる,1
1905,reporter,noun,記者、報道記者,1
1906,climate,noun,気候、風潮,1
1907,shirt,noun,シャツ,1
1908,exception,noun,例外、除外,1
1909,corporation,noun,大企業、法人,1
1910,chip,noun,小片、集積回路,1
1911,winner,noun,勝者、受賞者,1
1912,encounter,verb,偶然出会う、直面する,1
1913,brown,adj,茶色の、褐色,1
1914,breathe,verb,呼吸する、息をする,1
1915,excuse,verb,許す、言い訳,1
1916,partly,adv,一部分は、部分的に,1
1917,tennis,noun,テニス,1
1918,urban,adj,都市の、都会の,1
1919,confuse,verb,混乱させる、混同する,1
1920,southern,adj,南の、南方の,1
1921,output,noun,生産高、出力,1
1922,beauty,noun,美しさ、美人,1
1923,massive,adj,どっしりした、大規模な,1
1924,install,verb,設置する、導入する,1
1925,calculate,verb,計算する、算出する,1
1926,mouse,noun,ネズミ、マウス,1
1927,mathematics,noun,数学,1
1928,upper,adj,上の、上位の,1
1929,creation,noun,創造、創作物,1
1930,occupy,verb,占める、占領する,1
1931,outline,noun,輪郭、要綱を述べる,1
1932,sufficient,adj,十分な、足りる,1
1933,update,verb,最新のものにする、更新,1
1934,luck,noun,幸運、巡り合わせ,1
1935,preserve,verb,保護する、維持する,1
1936,split,verb,分割する、割れる,1
1937,swing,verb,揺れる、振る,1
1938,illness,noun,病気、疾患,1
1939,journalist,noun,報道関係者、記者,1
1940,sudden,adj,突然の、不意の,1
1941,advertisement,noun,広告、宣伝,1
1942,consistent,adj,一貫した、矛盾しない,1
1943,originally,adv,もともとは、当初は,1
1944,aside,adv,脇に、別にして,1
1945,comfort,noun,慰め、心地よさ,1
1946,secondly,adv,第2に,0
1947,severe,adj,過酷な、厳しい,1
1948,gene,noun,遺伝子,1
1949,prospect,noun,見通し、見込み,1
1950,snow,noun,雪、雪が降る,1
1951,plot,noun,陰謀、筋書き,1
1952,neck,noun,首、襟首,1
1953,criteria,noun,基準、判断の標準,1
1954,primarily,adv,主に、第一に,1
1955,integrate,verb,統合する、融合させる,1
1956,criticism,noun,批判、批評,1
1957,convention,noun,慣習、代表者会議,1
1958,bet,verb,賭ける、確信する,1
1959,retain,verb,保持する、保有する,1
1960,sequence,noun,連続、一連の出来事,1
1961,plain,adj,明白な、質素な,1
1962,volunteer,noun,志願者、ボランティア,1
1963,rural,adj,田舎の、農村の,1
1964,calm,adj,穏やかな、落ち着いた,1
1965,abandon,verb,捨てる、見捨てる,1
1966,examination,noun,試験、調査,1
1967,silence,noun,沈黙、静寂,1
1968,rapidly,adv,急速に、素早く,1
1969,efficient,adj,能率的な、有能な,1
1970,revolution,noun,革命、大変革,1
1971,delight,noun,大喜び、喜ばせる,1
1972,spell,verb,つづる、呪文,1
1973,premise,noun,前提、敷地,1
1974,lean,verb,傾く、もたれる,1
1975,dramatic,adj,劇的な、演劇の,1
1976,differ,verb,異なる、意見が合わない,1
1977,grateful,adj,感謝している、ありがたい,1
1978,protein,noun,たんぱく質,1
1979,bike,noun,自転車、バイク,1
1980,distribute,verb,分配する、配布する,1
1981,intellectual,adj,知的な、知識人,1
1982,derive,verb,引き出す、由来する,1
1983,crucial,adj,極めて重要な、決定的な,1
1984,unemployment,noun,失業、失業率,1
1985,wheel,noun,車輪、ハンドル,1
1986,crop,noun,作物、収穫物,1
1987,minority,noun,少数派、少数民族,1
1988,origin,noun,起源、生まれ,1
1989,interpretation,noun,解釈、通訳,1
1990,gentleman,noun,紳士、育ちの良い人,1
1991,drama,noun,戯曲、演劇,1
1992,landscape,noun,風景、景色,1
1993,educate,verb,教育する、指導する,1
1994,toy,noun,おもちゃ、玩具,1
1995,fault,noun,欠点、責任,1
1996,exhibit,verb,展示する、展示物,1
1997,minor,adj,重要でない、未成年者,1
1998,hunt,verb,狩る、捜し回る,1
1999,storm,noun,嵐、暴風雨,1
2000,thick,adj,厚い、太い,1
2001,achievement,noun,達成、業績,1
2002,negotiate,verb,交渉する、協議する,1
2003,dominate,verb,支配する、優位に立つ,1
2004,supplier,noun,供給者、納入業者,1
2005,prize,noun,賞、賞品,1
2006,typically,adv,典型的に、普通は,1
2007,peer,noun,同僚、同等の人,1
2008,pension,noun,年金、恩給,1
2009,wing,noun,翼、羽,1
2010,acquisition,noun,獲得、買収,1
2011,laughter,noun,笑い、笑い声,1
2012,deeply,adv,深く、痛切に,1
2013,recognition,noun,認識、承認,1
2014,electricity,noun,電気、電力,1
2015,assistance,noun,援助、助力,1
2016,roof,noun,屋根、屋上,1
2017,retirement,noun,退職、引退,1
2018,respectively,adv,それぞれ、各自,0
2019,variation,noun,変化、差異,1
2020,ultimately,adv,最終的に、結局は,1
2021,proof,noun,証拠、証明,1
2022,soil,noun,土壌、土,1
2023,smart,adj,頭が良い、利口な,1
2024,layer,noun,層、重なり,1
2025,upset,verb,動揺させる、覆す,1
2026,tooth,noun,歯,1
2027,representation,noun,表現、代表,1
2028,preparation,noun,準備、用意,1
2029,dispute,noun,論争、紛争,1
2030,agenda,noun,協議事項、議題,1
2031,emphasis,noun,強調、重点,1
2032,edition,noun,版、発行物,1
2033,silver,noun,銀、銀色,1
2034,entertainment,noun,娯楽、もてなし,1
2035,honest,adj,正直な、誠実な,1
2036,undertake,verb,引き受ける、着手する,1
2037,retail,noun,小売り,1
2038,wire,noun,針金、電線,1
2039,unlikely,adj,ありそうもない,1
2040,gay,adj,同性愛の、陽気な,1
2041,publication,noun,出版、出版物,1
2042,slight,adj,わずかな、少しの,1
2043,unknown,adj,知られていない、未知の,1
2044,framework,noun,枠組み、骨組み,1
2045,zone,noun,地帯、区域,1
2046,restrict,verb,制限する、限定する,1
2047,trace,verb,たどる、追跡する,1
2048,inch,noun,インチ,1
2049,equivalent,adj,同等の、同等物,1
2050,solid,adj,固体の、頑丈な,1
2051,enterprise,noun,企業、事業,1
2052,elderly,adj,年配の、初老の,1
2053,owe,verb,借りがある、負っている,1
2054,governor,noun,知事、総督,1
2055,uniform,noun,制服、一様な,1
2056,port,noun,港、港湾,1
2057,pitch,noun,投球、音の高さ,1
2058,arrival,noun,到着、到達,1
2059,contemporary,adj,現代の、同時代の,1
2060,gate,noun,門、出入り口,1
2061,ease,noun,容易さ、気楽さ,1
2062,beer,noun,ビール,1
2063,specialist,noun,専門家、専門医,1
2064,assure,verb,保証する、確信させる,1
2065,profile,noun,横顔、人物紹介,1
2066,mood,noun,気分、機嫌,1
2067,episode,noun,挿話、出来事,1
2068,crack,verb,割れる、ひび,1
2069,numerous,adj,多数の、たくさんの,1
2070,submit,verb,提出する、服従する,1
2071,symptom,noun,症状、兆候,1
2072,virtually,adv,実質的に、ほとんど,1
2073,era,noun,時代、年代,1
2074,coverage,noun,報道、補償範囲,1
2075,tension,noun,緊張、不安,1
2076,cable,noun,電線、ケーブル,1
2077,sensitive,adj,敏感な、傷つきやすい,1
2078,nervous,adj,神経質な、緊張して,1
2079,input,noun,入力、投入,1
2080,isolate,verb,孤立させる、隔離する,1
2081,prisoner,noun,囚人、捕虜,1
2082,eliminate,verb,排除する、除去する,1
2083,tight,adj,きつい、引き締まった,1
2084,wet,adj,湿った、ぬれた,1
2085,secondary,adj,中等の、第2の,1
2086,welfare,noun,福祉、幸福,1
2087,recruit,verb,採用する、新人を募る,1
2088,exclude,verb,除外する、排除する,1
2089,string,noun,ひも、糸,1
2090,cloud,noun,雲、曇り,1
2091,persuade,verb,説得する、納得させる,1
2092,inspire,verb,奮起させる、刺激する,1
2093,grand,adj,雄大な、壮大な,1
2094,hence,adv,それゆえに、従って,0
2095,crew,noun,乗組員、班,1
2096,phenomenon,noun,現象、事象,1
2097,pupil,noun,生徒、瞳孔,1
2098,FALSE,adj,誤った、偽りの,1
2099,assist,verb,手伝う、補助する,1
2100,restore,verb,修復する、復活させる,1
2101,formula,noun,公式、処方,1
2102,alter,verb,変える、改める,1
2103,perceive,verb,気づく、認識する,1
2104,routine,noun,決まり切った仕事、日課,1
2105,sink,verb,沈む、流し台,1
2106,stare,verb,じっと見つめる、凝視する,1
2107,anymore,adv,もはや〜ない,0
2108,hero,noun,英雄、主人公,1
2109,supporter,noun,支持者、応援者,1
2110,convert,verb,変換する、改宗する,1
2111,steady,adj,安定した、着実な,1
2112,meter,noun,計量器、メーター,1
2113,truck,noun,トラック,1
2114,nose,noun,鼻、嗅覚,1
2115,beside,prep,〜のそばに、〜の隣に,0
2116,sail,verb,航行する、帆,1
2117,disaster,noun,災害、惨事,1
2118,pace,noun,歩調、ペース,1
2119,heavily,adv,重く、大量に,1
2120,devote,verb,ささげる、専念する,1
2121,terrorist,noun,テロリスト,1
2122,justify,verb,正当化する、弁明する,1
2123,vital,adj,極めて重要な、生命の,1
2124,fascinate,verb,魅了する、引きつける,1
2125,external,adj,外部の、対外的な,1
2126,spare,adj,余分の、予備の,1
2127,whenever,conj,〜するときはいつでも,0
2128,depression,noun,うつ病、不景気,1
2129,guilty,adj,有罪の、やましい,1
2130,underlie,verb,〜の根底にある,1
2131,mom,noun,お母さん、ママ,1
2132,distinction,noun,区別、卓越,1
2133,satisfaction,noun,満足、充足,1
2134,incorporate,verb,組み入れる、合体させる,1
2135,pour,verb,注ぐ、どしゃ降りに降る,1
2136,sweep,verb,掃く、一掃する,1
2137,obligation,noun,義務、恩義,1
2138,sir,noun,お客様、先生,0
2139,evaluate,verb,評価する、査定する,1
2140,anger,noun,怒り、憤り,1
2141,pub,noun,居酒屋、パブ,1
2142,perception,noun,知覚、認識,1
2143,naturally,adv,当然、自然に,1
2144,currency,noun,通貨、貨幣,1
2145,database,noun,データベース,1
2146,initially,adv,初めは、当初は,1
2147,territory,noun,領土、領地,1
2148,stream,noun,小川、流れ,1
2149,rarely,adv,めったに〜ない,1
2150,height,noun,高さ、身長,1
2151,apparent,adj,明白な、外見上の,1
2152,western,adj,西の、西洋の,1
2153,expansion,noun,拡大、拡張,1
2154,constantly,adv,絶えず、いつも,1
2155,muscle,noun,筋肉、腕力,1
2156,scare,verb,怖がらせる、おびえる,1
2157,badly,adv,ひどく、下手に,1
2158,everyday,adj,毎日の、日常の,1
2159,boundary,noun,境界、境界線,1
2160,ratio,noun,比率、割合,1
2161,essay,noun,随筆、小論文,1
2162,scream,verb,悲鳴を上げる、絶叫,1
2163,withdraw,verb,引き出す、撤退する,1
2164,pollution,noun,公害、汚染,1
2165,disorder,noun,混乱、障害,1
2166,furniture,noun,家具,1
2167,symbol,noun,象徴、記号,1
2168,apartment,noun,アパート、共同住宅,1
2169,demonstration,noun,実演、デモ行進,1
2170,analyst,noun,分析者、専門家,1
2171,platform,noun,演壇、プラットホーム,1
2172,steel,noun,鋼鉄、はがね,1
2173,cake,noun,ケーキ、洋菓子,1
2174,transform,verb,変形させる、一変させる,1
2175,wound,noun,傷、負傷させる,1
2176,restriction,noun,制限、制約,1
2177,foundation,noun,土台、設立,1
2178,designer,noun,設計者、デザイナー,1
2179,strain,noun,緊張、負担,1
2180,innovation,noun,技術革新、刷新,1
2181,album,noun,アルバム、曲集,1
2182,singer,noun,歌手、声楽家,1
2183,trail,noun,小道、跡を追う,1
2184,trap,noun,わな、閉じ込める,1
2185,loose,adj,ゆるい、解き放たれた,1
2186,extension,noun,延長、内線電話,1
2187,wealth,noun,富、財産,1
2188,gradually,adv,徐々に、次第に,1
2189,tank,noun,大型容器、戦車,1
2190,evil,adj,邪悪な、悪事,1
2191,remarkable,adj,注目すべき、著しい,1
2192,tune,noun,旋律、調律する,1
2193,grass,noun,草、芝生,1
2194,invitation,noun,招待、招待状,1
2195,transition,noun,移り変わり、過渡期,1
2196,frighten,verb,怖がらせる、脅かす,1
2197,bid,verb,入札する、値を付ける,1
2198,breed,verb,繁殖させる、育てる,1
2199,extraordinary,adj,並外れた、異常な,1
2200,brilliant,adj,光り輝く、素晴らしい,1
2201,adviser,noun,顧問、相談役,1
2202,stem,noun,茎、生じる,1
2203,reverse,verb,逆にする、反対の,1
2204,mode,noun,方法、流行,1
2205,mirror,noun,鏡、映し出す,1
2206,awful,adj,ひどい、恐ろしい,1
2207,pose,verb,ポーズをとる、提起する,1
2208,adjust,verb,調整する、慣れる,1
2209,creative,adj,創造的な、独創的な,1
2210,nowadays,adv,近ごろは、今日では,1
2211,poem,noun,詩、韻文,1
2212,agricultural,adj,農業の、農芸の,1
2213,competitor,noun,競争相手、ライバル,1
2214,alcohol,noun,アルコール、酒,1
2215,festival,noun,祭り、祝祭,1
2216,vegetable,noun,野菜,1
2217,van,noun,有蓋ワゴン車、バン,1
2218,confident,adj,自信がある、確信して,1
2219,planet,noun,惑星,1
2220,curve,noun,曲線、カーブ,1
2221,knee,noun,ひざ,1
2222,overcome,verb,克服する、打ち勝つ,1
2223,web,noun,クモの巣、網の目,1
2224,depth,noun,深さ、奥行き,1
2225,entrance,noun,入り口、入場,1
2226,log,noun,丸太、日誌,1
2227,giant,adj,巨大な、巨人,1
2228,god,noun,神、創造主,1
2229,portion,noun,部分、1人前,1
2230,substance,noun,物質、実体,1
2231,extensive,adj,広範囲に及ぶ、広大な,1
2232,interpret,verb,通訳する、解釈する,1
2233,independence,noun,独立、自立,1
2234,sugar,noun,砂糖,1
2235,inner,adj,内部の、精神の,1
2236,harm,noun,害、損害を与える,1
2237,consult,verb,相談する、調べる,1
2238,pink,adj,ピンク色の、桃色,1
2239,shadow,noun,影、陰影,1
2240,strip,verb,脱ぐ、細長い一片,1
2241,smooth,adj,滑らかな、円滑な,1
2242,intervention,noun,介入、調停,1
2243,impress,verb,感銘を与える、印象づける,1
2244,exam,noun,試験、検査,1
2245,vice,noun,悪徳、代理の,1
2246,radical,adj,根本的な、急進的な,1
2247,similarly,adv,同様に、同じように,1
2248,behave,verb,振る舞う、行儀よくする,1
2249,loud,adj,大声の、うるさい,1
2250,dimension,noun,寸法、側面,1
2251,subsequent,adj,その後の、次に続く,1
2252,infection,noun,感染、伝染病,1
2253,jacket,noun,上着、ジャケット,1
2254,efficiency,noun,効率、能率,1
2255,dirty,adj,汚れた、不潔な,1
2256,statistic,noun,統計、統計数値,1
2257,regularly,adv,定期的に、規則正しく,1
2258,resort,noun,保養地、訴える,1
2259,iron,noun,鉄、アイロン,1
2260,broadcast,verb,放送する、放映する,1
2261,membership,noun,会員身分、会員権,1
2262,bread,noun,パン、食糧,1
2263,blind,adj,目の見えない、盲目の,1
2264,pure,adj,純粋な、清潔な,1
2265,bloody,adj,血まみれの、激しい,1
2266,ally,noun,同盟国、味方,1
2267,quantity,noun,量、分量,1
2268,bend,verb,曲げる、曲がる,1
2269,mature,adj,成熟した、熟達した,1
2270,briefly,adv,簡潔に、短時間,1
2271,alarm,noun,警報、警報器,1
2272,disturb,verb,邪魔する、不安にする,1
2273,sustain,verb,維持する、耐える,1
2274,flood,noun,洪水、押し寄せる,1
2275,poverty,noun,貧困、欠乏,1
2276,crazy,adj,熱中して、狂気の,1
2277,cite,verb,引用する、言及する,1
2278,newly,adv,新しく、最近,1
2279,parallel,adj,平行な、類似した,1
2280,gender,noun,性、性別,1
2281,sponsor,noun,後援者、広告主,1
2282,boot,noun,長靴、ブーツ,1
2283,accurate,adj,正確な、精密な,1
2284,dealer,noun,販売業者、商人,1
2285,button,noun,ボタン,1
2286,burden,noun,重荷、負担,1
2287,desert,noun,砂漠、見捨てる,1
2288,mate,noun,仲間、配偶者,1
2289,occasionally,adv,時々、たまに,1
2290,shareholder,noun,株主,1
2291,bowl,noun,深皿、ボウル,1
2292,discovery,noun,発見、新発見,1
2293,resistance,noun,抵抗、反対,1
2294,bath,noun,入浴、風呂,1
2295,frequency,noun,頻度、周波数,1
2296,criticize,verb,批判する、非難する,1
2297,tap,verb,軽くたたく、蛇口,1
2298,philosophy,noun,哲学、人生観,1
2299,lip,noun,唇,1
2300,attribute,verb,〜のせいにする、属性,1
2301,apologize,verb,謝る、謝罪する,1
2302,approval,noun,承認、賛成,1
2303,grab,verb,つかみ取る、つかむ,1
2304,entitle,verb,資格を与える、題を付ける,1
2305,lend,verb,貸す、貸し出す,1
2306,involvement,noun,関与、巻き込まれること,1
2307,exposure,noun,さらされること、暴露,1
2308,conventional,adj,従来の、型にはまった,1
2309,digital,adj,デジタルの、数字の,1
2310,translate,verb,翻訳する、解釈する,1
2311,edit,verb,編集する、校訂する,1
2312,formation,noun,形成、構成,1
2313,deposit,noun,内金、預金する,1
2314,pleasant,adj,心地よい、快適な,1
2315,overseas,adv,海外へ、海外の,1
2316,advocate,verb,主張する、提唱者,1
2317,establishment,noun,設立、創設,1
2318,summary,noun,要約、概略,1
2319,rough,adj,ざらざらした、荒い,1
2320,pen,noun,ペン、筆記具,1
2321,recovery,noun,回復、復旧,1
2322,seal,noun,印章、封をする,1
2323,tube,noun,管、チューブ,1
2324,tower,noun,塔、タワー,1
2325,characterize,verb,特徴づける、描写する,1
2326,specify,verb,明記する、特定する,1
2327,exact,adj,正確な、ぴったりの,1
2328,spin,verb,回転する、紡ぐ,1
2329,operator,noun,操作員、交換手,1
2330,infant,noun,乳児、幼児,1
2331,dig,verb,掘る、探求する,1
2332,drag,verb,引きずる、引っ張る,1
2333,mount,verb,乗る、すえ付ける,1
2334,wrap,verb,包む、巻く,1
2335,anticipate,verb,予期する、楽しみに待つ,1
2336,dependent,adj,依存している、頼っている,1
2337,specialize,verb,専門にする、専攻する,1
2338,angle,noun,角、角度,1
2339,chicken,noun,鶏肉、ニワトリ,1
2340,anxiety,noun,心配、不安,1
2341,virus,noun,ウイルス、病原体,1
2342,precisely,adv,正確に、まさに,1
2343,rival,noun,競争相手、好敵手,1
2344,offense,noun,違反、攻撃,1
2345,detect,verb,探知する、見つけ出す,1
2346,teenager,noun,10代の若者,1
2347,admire,verb,感嘆する、称賛する,1
2348,moderate,adj,適度な、並の,1
2349,surgery,noun,外科手術、外科,1
2350,musician,noun,音楽家、演奏家,1
2351,significance,noun,重要性、意義,1
2352,shower,noun,にわか雨、シャワー,1
2353,illegal,adj,違法の、非合法の,1
2354,charity,noun,慈善、慈善団体,1
2355,universal,adj,普遍的な、万能の,1
2356,cigarette,noun,紙巻きタバコ,1
2357,constitute,verb,構成する、制定する,1
2358,adequate,adj,適切な、十分な,1
2359,consultant,noun,相談役、専門指導員,1
2360,historian,noun,歴史家,1
2361,cousin,noun,いとこ,1
2362,visual,adj,視覚の、目にみえる,1
2363,stupid,adj,愚かな、ばかな,1
2364,keen,adj,熱心な、鋭い,1
2365,ethnic,adj,民族の、人種の,1
2366,twin,noun,双子の一方、双子の,1
2367,clinical,adj,臨床の、診療所の,1
2368,eastern,adj,東の、東方の,1
2369,forecast,noun,予報、予測する,1
2370,segment,noun,部分、区分,1
2371,custom,noun,慣習、習慣,1
2372,adapt,verb,適応させる、順応する,1
2373,sand,noun,砂、砂浜,1
2374,cap,noun,帽子、ふた,1
2375,prompt,adj,迅速な、促す,1
2376,charm,noun,魅力、魔力,1
2377,react,verb,反応する、反作用を示す,1
2378,lecture,noun,講義、講演する,1
2379,venture,noun,冒険的事業、冒険,1
2380,compound,noun,化合物、合成の,1
2381,rescue,verb,救助する、救出,1
2382,mess,noun,散らかった状態、混乱,1
2383,preference,noun,好み、優先権,1
2384,comprehensive,adj,包括的な、総合的な,1
2385,incentive,noun,動機、励み,1
2386,league,noun,同盟、連盟,1
2387,dialog,noun,対話、会話,1
2388,cream,noun,クリーム、精華,1
2389,rapid,adj,速い、急激な,1
2390,cancel,verb,取り消す、中止する,1
2391,regret,verb,後悔する、残念に思う,1
2392,dismiss,verb,解雇する、退ける,1
2393,margin,noun,余白、差,1
2394,beneath,prep,〜の真下に,0
2395,opponent,noun,相手、敵対者,1
2396,resist,verb,抵抗する、我慢する,1
2397,capability,noun,能力、才能,1
2398,absolute,adj,完全な、絶対的な,1
2399,correspond,verb,一致する、文通する,1
2400,stroke,noun,打撃、脳卒中,1
2401,dare,verb,あえて〜する、挑む,1
2402,barrier,noun,障害、防壁,1
2403,rid,verb,取り除く、除去する,1
2404,divorce,noun,離婚、分離する,1
2405,ruin,verb,台無しにする、破滅,1
2406,bury,verb,埋める、埋葬する,1
2407,counsel,noun,助言、相談に乗る,1
2408,tendency,noun,傾向、風潮,1
2409,frequent,adj,度々の、頻繁な,1
2410,motor,noun,発動機、自動車の,1
2411,survival,noun,生存、生き残り,1
2412,counter,noun,計算台、反論する,1
2413,possess,verb,所有する、持つ,1
2414,permission,noun,許可、承諾,1
2415,valley,noun,谷、渓谷,1
2416,float,verb,浮かぶ、漂う,1
2417,mad,adj,怒った、狂気の,1
2418,greatly,adv,大いに、大層,1
2419,visible,adj,目に見える、明白な,1
2420,electric,adj,電気の、電動の,1
2421,impressive,adj,印象的な、感動的な,1
2422,evolution,noun,進化、発展,1
2423,awareness,noun,認識、意識,1
2424,violent,adj,暴力的な、激しい,1
2425,slave,noun,奴隷,1
2426,wealthy,adj,裕福な、富裕な,1
2427,architecture,noun,建築、建築様式,1
2428,acceptable,adj,受諾できる、容認できる,1
2429,journal,noun,専門誌、日記,1
2430,coal,noun,石炭,1
2431,measurement,noun,測定、寸法,1
2432,random,adj,無作為の、手当たり次第の,1
2433,successfully,adv,首尾よく、成功裡に,1
2434,depress,verb,落胆させる、不景気にする,1
2435,illustration,noun,挿絵、例証,1
2436,burst,verb,破裂する、突然起こる,1
2437,privilege,noun,特権、名誉,1
2438,buyer,noun,買い手、仕入れ係,1
2439,mutual,adj,相互の、共通の,1
2440,rail,noun,鉄道、手すり,1
2441,motivate,verb,動機づける、刺激する,1
2442,laboratory,noun,研究所、実験室,1
2443,mortgage,noun,住宅ローン、担保,1
2444,promotion,noun,昇進、販売促進,1
2445,passion,noun,情熱、熱意,1
2446,champion,noun,優勝者、擁護する,1
2447,fulfill,verb,果たす、満たす,1
2448,dust,noun,ほこり、ちり,1
2449,dedicate,verb,ささげる、献身する,1
2450,roughly,adv,おおよそ、粗雑に,1
2451,skirt,noun,スカート、避ける,1
2452,province,noun,州、地方,1
2453,march,verb,行進する、進軍,1
2454,evaluation,noun,評価、査定,1
2455,compromise,noun,妥協、妥協する,1
2456,accomplish,verb,成し遂げる、成就する,1
2457,weakness,noun,弱さ、弱点,1
2458,announcement,noun,発表、告知,1
2459,salt,noun,塩、食塩,1
2460,glance,verb,ちらりと見る、一瞥,1
2461,opera,noun,歌劇、オペラ,1
2462,contest,noun,競技会、争う,1
2463,brush,noun,ブラシ、磨く,1
2464,embarrass,verb,恥ずかしい思いをさせる,1
2465,gallery,noun,美術品陳列室、画廊,1
2466,genetic,adj,遺伝の、遺伝学の,1
2467,aggressive,adj,攻撃的な、積極的な,1
2468,chest,noun,胸、大箱,1
2469,format,noun,構成、書式,1
2470,literary,adj,文学の、文芸の,1
2471,govern,verb,統治する、支配する,1
2472,embrace,verb,抱きしめる、受け入れる,1
2473,praise,verb,賞賛する、褒める,1
2474,silent,adj,沈黙した、静かな,1
2475,pump,noun,ポンプ、くみ上げる,1
2476,publisher,noun,出版社、発行者,1
2477,celebration,noun,祝賀会、称賛,1
2478,golf,noun,ゴルフ,1
2479,compensation,noun,賠償、補償金,1
2480,classical,adj,古典の、クラシックの,1
2481,weigh,verb,重さを量る、重さがある,1
2482,versus,prep,〜対、〜に対して,0
2483,deficit,noun,赤字、不足額,1
2484,modify,verb,修正する、修飾する,1
2485,flash,verb,閃光を放つ、ひらめく,1
2486,friendship,noun,友情、友好関係,1
2487,profession,noun,専門職、職業,1
2488,literally,adv,文字通りに、全く,1
2489,equation,noun,方程式、等式,1
2490,gesture,noun,身振り、ジェスチャー,1
2491,entertain,verb,楽しませる、もてなす,1
2492,fantastic,adj,素晴らしい、空想的な,1
2493,assign,verb,割り当てる、配属する,1
2494,inflation,noun,通貨膨張、物価上昇,1
2495,historic,adj,歴史的に重要な、由緒ある,1
2496,injure,verb,痛める、傷つける,1
2497,remote,adj,遠く離れた、へんぴな,1
2498,therapy,noun,治療、療法,1
2499,orange,noun,オレンジ、オレンジ色,1
2500,twist,verb,ねじる、より合わせる,1
2501,personnel,noun,全職員、人事部,1
2502,imagination,noun,想像力、空想,1
2503,disagree,verb,反対する、一致しない,1
2504,throat,noun,喉、咽頭,1
2505,insight,noun,洞察力、見識,1
2506,tackle,verb,取り組む、タックルする,1
2507,forever,adv,永遠に、絶えず,1
2508,exceed,verb,超える、上回る,1
2509,expenditure,noun,支出、経費,1
2510,joy,noun,喜び、うれしさ,1
2511,pregnant,adj,妊娠した,1
2512,reliable,adj,信頼できる、頼りになる,1
2513,gear,noun,歯車、用具,1
2514,click,verb,鳴る、クリックする,1
2515,poet,noun,詩人,1
2516,fortune,noun,富、運命,1
2517,ceremony,noun,儀式、式典,1
2518,pile,noun,積み重ね、山,1
2519,pig,noun,豚,1
2520,mixture,noun,混合物、入り混じったもの,1
2521,automatically,adv,自動的に、無意識に,1
2522,scholar,noun,学者,1
2523,psychological,adj,心理的な、心理学の,1
2524,dramatically,adv,劇的に、飛躍的に,1
2525,stake,noun,利害関係、賭け金,1
2526,creature,noun,生き物、被造物,1
2527,partnership,noun,提携、協力関係,1
2528,participation,noun,参加、加入,1
2529,clause,noun,条項、節,1
2530,penalty,noun,刑罰、罰金,1
2531,chamber,noun,部屋、議院,1
2532,fancy,adj,高級な、空想する,1
2533,poetry,noun,詩歌、詩情,1
2534,chat,verb,雑談する、おしゃべり,1
2535,clothing,noun,衣服、衣料品,1
2536,evolve,verb,進化する、発展する,1
2537,sake,noun,利益、目的,1
2538,shelf,noun,棚、棚板,1
2539,boost,verb,押し上げる、高める,1
2540,tail,noun,尾、しっぽ,1
2541,possession,noun,所有、所持品,1
2542,abortion,noun,妊娠中絶,1
2543,curious,adj,好奇心が強い、奇妙な,1
2544,wooden,adj,木製の、ぎこちない,1
2545,boom,noun,にわか景気、とどろき,1
2546,tale,noun,物語、話,1
2547,democratic,adj,民主的な、民主党の,1
2548,maintenance,noun,維持、整備,1
2549,consequently,adv,その結果として、従って,1
2550,pot,noun,深鍋、鉢,1
2551,cow,noun,雌牛、ウシ,1
2552,strengthen,verb,強める、強化する,1
2553,whilst,conj,〜する間に、〜である一方,0
2554,constraint,noun,制約、束縛,1
2555,fold,verb,折り畳む、包む,1
2556,bin,noun,大型ゴミ箱、容器,1
2557,undergo,verb,経験する、受ける,1
2558,potentially,adv,潜在的に、ひょっとすると,1
2559,scope,noun,範囲、視野,1
2560,pretend,verb,〜のふりをする,1
2561,diversity,noun,多様性、相違点,1
2562,allege,verb,主張する、断言する,1
2563,pride,noun,誇り、自負,1
2564,intense,adj,強烈な、熱烈な,1
2565,inquiry,noun,問い合わせ、調査,1
2566,resign,verb,辞任する、辞職する,1
2567,craft,noun,工芸、技術,1
2568,strict,adj,厳格な、厳密な,1
2569,concrete,adj,具体的な、コンクリート,1
2570,shell,noun,貝殻、砲弾,1
2571,damn,interj,くそっ、ののしる,0
2572,distinct,adj,明瞭な、全く異なった,1
2573,humor,noun,ユーモア、おどけ,1
2574,limitation,noun,限界、制限,1
2575,indication,noun,兆候、表示,1
2576,stability,noun,安定、固定,1
2577,wise,adj,賢い、賢明な,1
2578,neglect,verb,怠る、放置する,1
2579,compose,verb,構成する、作曲する,1
2580,jail,noun,刑務所、拘置所,1
2581,shelter,noun,避難所、保護する,1
2582,mere,adj,ほんの、単なる,1
2583,carbon,noun,炭素,1
2584,regulate,verb,規制する、調整する,1
2585,cheese,noun,チーズ,1
2586,trigger,verb,引き金、誘発する,1
2587,pipe,noun,導管、パイプ,1
2588,destruction,noun,破壊、破滅,1
2589,guitar,noun,ギター,1
2590,flag,noun,旗、国旗,1
2591,piano,noun,ピアノ,1
2592,magic,noun,魔法、手品,1
2593,mystery,noun,謎、神秘,1
2594,ski,noun,スキー、スキーをする,1
2595,whisper,verb,ささやく、小声で話す,1
2596,rear,noun,後部、育てる,1
2597,menu,noun,献立表、メニュー,1
2598,species,noun,種、種類,1
2599,moon,noun,月、衛星,1
2600,presumably,adv,たぶん、思うに,1
2601,bless,verb,祝福する、恵む,1
2602,airline,noun,航空会社,1
2603,amendment,noun,修正、改正条項,1
2604,grandmother,noun,祖母、おばあさん,1
2605,jury,noun,陪審員団、審査員団,1
2606,cooperation,noun,協力、提携,1
2607,civilian,noun,民間人、一般市民,1
2608,composition,noun,構成、作文,1
2609,coin,noun,硬貨、コイン,1
2610,regardless,adv,かまわず、関係なく,1
2611,scan,verb,細かく調べる、走査する,1
2612,bunch,noun,束、集団,1
2613,racial,adj,人種の、民族の,1
2614,greet,verb,挨拶する、出迎える,1
2615,hopefully,adv,うまくいけば、願わくは,1
2616,sanction,noun,制裁、認可,1
2617,trick,noun,策略、手品,1
2618,paragraph,noun,段落、節,1
2619,maker,noun,製造業者、製作者,1
2620,chocolate,noun,チョコレート,1
2621,stimulate,verb,刺激する、元気づける,1
2622,belt,noun,ベルト、帯,1
2623,potato,noun,ジャガイモ,1
2624,narrative,noun,物語、語り口,1
2625,tissue,noun,組織、薄い織物,1
2626,barely,adv,かろうじて、やっと,1
2627,invent,verb,発明する、考案する,1
2628,tourism,noun,観光、観光業,1
2629,pro,noun,玄人、賛成論,1
2630,stair,noun,階段の1段、階段,1
2631,hesitate,verb,ためらう、躊躇する,1
2632,shine,verb,輝く、光る,1
2633,motivation,noun,動機、やる気,1
2634,romantic,adj,ロマンチックな、空想的な,1
2635,firmly,adv,固く、しっかりと,1
2636,interior,noun,内部、内装,1
2637,stomach,noun,胃、おなか,1
2638,nowhere,adv,どこにも〜ない,0
2639,pray,verb,祈る、願う,1
2640,championship,noun,選手権、優勝,1
2641,servant,noun,使用人、召使,1
2642,immigrant,noun,移住者、移民,1
2643,excess,noun,過剰、超過,1
2644,complexity,noun,複雑さ、複雑なもの,1
2645,liability,noun,法的責任、負債,1
2646,surprisingly,adv,驚いたことに、意外に,1
2647,extract,verb,抽出する、引き抜く,1
2648,implementation,noun,実行、履行,1
2649,bias,noun,偏見、偏り,1
2650,differently,adv,異なって、別に,1
2651,catalog,noun,目録、カタログ,1
2652,continuous,adj,継続的な、途切れない,1
2653,golden,adj,金色の、素晴らしい,1
2654,stamp,noun,切手、印,1
2655,guideline,noun,指針、ガイドライン,1
2656,envelope,noun,封筒、覆い,1
2657,knife,noun,ナイフ、包丁,1
2658,biological,adj,生物学の、生物の,1
2659,consume,verb,消費する、使い果たす,1
2660,luxury,noun,ぜいたく、高級品,1
2661,weekly,adj,毎週の、週刊の,1
2662,wherever,conj,〜する場所ならどこでも,0
2663,bite,verb,かむ、刺す,1
2664,printer,noun,印刷機、プリンター,1
2665,firstly,adv,第一に、まず第一に,0
2666,anxious,adj,心配して、切望して,1
2667,adventure,noun,冒険、思いがけない体験,1
2668,fence,noun,囲い、柵,1
2669,exhaust,verb,疲れ果てさせる、排気,1
2670,attraction,noun,引きつけるもの、魅力,1
2671,ocean,noun,大洋、海洋,1
2672,quietly,adv,静かに、そっと,1
2673,castle,noun,城、城郭,1
2674,veteran,noun,退役軍人、熟練者,1
2675,reflection,noun,反射、熟考,1
2676,nerve,noun,神経、勇気,1
2677,determination,noun,決意、決定,1
2678,altogether,adv,全く、全部で,1
2679,fiction,noun,小説、作り話,1
2680,carpet,noun,じゅうたん、敷物,1
2681,cluster,noun,群れ、集団,1
2682,confusion,noun,混乱、混同,1
2683,hurry,verb,急ぐ、急がせる,1
2684,logic,noun,論理、論理学,1
2685,controversial,adj,論争を引き起こす,1
2686,raw,adj,生の、加工されていない,1
2687,grammar,noun,文法、文法書,1
2688,revise,verb,改訂する、修正する,1
2689,hint,noun,手がかり、ほのめかす,1
2690,hook,noun,留め金、釣り針,1
2691,bell,noun,鐘、ベル,1
2692,liquid,noun,液体、流動性の,1
2693,panic,noun,恐慌、パニック,1
2694,uncle,noun,叔父、伯父,1
2695,rice,noun,米、ご飯,1
2696,slope,noun,坂、傾斜面,1
2697,happiness,noun,幸福、幸運,1
2698,genuine,adj,本物の、純正の,1
2699,vessel,noun,大型の船、脈管,1
2700,verb,noun,動詞,1
2701,reckon,verb,考える、計算する,1
2702,silly,adj,愚かな、ばかげた,1
2703,transportation,noun,輸送、交通機関,1
2704,harbor,noun,港、避難所,1
2705,comedy,noun,喜劇、コメディ,1
2706,chase,verb,追いかける、追跡,1
2707,storage,noun,保管、貯蔵所,1
2708,universe,noun,宇宙、万物,1
2709,horrible,adj,恐ろしい、身の毛のよだつ,1
2710,sheep,noun,羊,1
2711,lover,noun,愛好家、恋人,1
2712,rat,noun,ドブネズミ、裏切り者,1
2713,portrait,noun,肖像画、人物写真,1
2714,innocent,adj,無実の、純真な,1
2715,substitute,verb,代わりにする、代用品,1
2716,supplement,noun,補足、栄養補助剤,1
2717,adjustment,noun,調整、適応,1
2718,reasonably,adv,合理的に、かなり,1
2719,filter,noun,ろ過器、ろ過する,1
2720,flexible,adj,柔軟な、適応性のある,1
2721,abstract,adj,抽象的な、要約,1
2722,tent,noun,テント、天幕,1
2723,precise,adj,正確な、精密な,1
2724,distant,adj,遠い、隔たった,1
2725,stranger,noun,見知らぬ人、不慣れな人,1
2726,shade,noun,陰、日よけ,1
2727,grain,noun,穀物、粒,1
2728,situate,verb,位置づける、置く,1
2729,summarize,verb,要約する、手短に述べる,1
2730,leap,verb,跳ぶ、跳躍する,1
2731,snap,verb,折れる、素早く動く,1
2732,probability,noun,見込み、確率,1
2733,leather,noun,革、革製品,1
2734,uncertainty,noun,不確実さ、不安,1
2735,swear,verb,誓う、ののしる,1
2736,refugee,noun,難民、亡命者,1
2737,shore,noun,岸、海岸,1
2738,monthly,adj,毎月の、月1回の,1
2739,comprise,verb,構成される、含む,1
2740,stir,verb,かき混ぜる、呼び起こす,1
2741,excitement,noun,興奮、動揺,1
2742,sigh,verb,ため息をつく、ため息,1
2743,pregnancy,noun,妊娠,1
2744,experimental,adj,実験の、実験的な,1
2745,institutional,adj,制度上の、機関の,1
2746,slice,noun,薄切り、1切れ,1
2747,wander,verb,さまよう、歩き回る,1
2748,empire,noun,帝国,1
2749,subsequently,adv,その後に、続いて,1
2750,gentle,adj,優しい、穏やかな,1
2751,attendance,noun,出席、出席者数,1
2752,ownership,noun,所有権、所有者であること,1
2753,qualification,noun,資格、適性,1
2754,suspend,verb,一時停止する、つるす,1
2755,functional,adj,実用的な、機能の,1
2756,voluntary,adj,自発的な、任意の,1
2757,pale,adj,青白い、淡い,1
2758,stain,noun,染み、汚れ,1
2759,athlete,noun,運動選手、アスリート,1
2760,organic,adj,有機の、有機体の,1
2761,tongue,noun,舌、言語,1
2762,server,noun,サーバー、給仕者,1
2763,structural,adj,構造上の、組織の,1
2764,website,noun,ウェブサイト,1
2765,fool,noun,愚か者、ばか者,1
2766,alongside,prep,〜と並んで、〜のそばに,0
2767,unite,verb,結合する、団結する,1
2768,gently,adv,優しく、穏やかに,1
2769,compute,verb,計算する、算定する,1
2770,wipe,verb,拭く、ぬぐう,1
2771,weird,adj,奇妙な、風変わりな,1
2772,gaze,verb,見つめる、凝視,1
2773,fade,verb,衰える、薄れる,1
2774,cough,verb,咳をする、咳,1
2775,hypothesis,noun,仮説、推測,1
2776,royal,adj,王の、国王の,1
2777,theoretical,adj,理論的な、理論上の,1
2778,curtain,noun,カーテン、幕,1
2779,mayor,noun,市長、町長,1
2780,darkness,noun,暗闇、暗さ,1
2781,aunt,noun,叔母、伯母,1
2782,tournament,noun,トーナメント、勝ち抜き戦,1
2783,registration,noun,登録、記名,1
2784,fragment,noun,破片、断片,1
2785,listener,noun,聞き手、聴取者,1
2786,immigration,noun,入国管理、移民,1
2787,tender,adj,柔らかい、優しい,1
2788,density,noun,密度、密集,1
2789,ugly,adj,醜い、見苦しい,1
2790,module,noun,基本単位、モジュール,1
2791,faithfully,adv,忠実に、正確に,1
2792,autumn,noun,秋,1
2793,cheek,noun,頬、ほっぺた,1
2794,attachment,noun,愛着、添付ファイル,1
2795,holder,noun,保持者、入れ物,1
2796,solar,adj,太陽の、太陽光の,1
2797,grin,verb,にやりと笑う、薄笑い,1
2798,rose,noun,バラ、ばら,1
2799,noun,noun,名詞,1
2800,fortunate,adj,幸運な、恵まれた,1
2801,alright,adj,申し分ない、大丈夫な,1
2802,lazy,adj,怠惰な、怠けた,1
2803,hello,interj,こんにちは、もしもし,0
2804,hunger,noun,飢え、空腹,1
2805,insure,verb,保険をかける、保証する,1
2806,ashamed,adj,恥じて、気恥ずかしい,1
2807,found,verb,設立する、基礎を置く,1
2808,blog,noun,ブログ,1
2809,thirst,noun,のどの渇き、切望,1
